Shaney,6
Darrian,6
Starlene,6
Kristal,91
Cassondra,14
Oneta,7
Mischa,21
Nella,6
Bre,19
Lea ,212
Bevin,14
Mathilda,6
Tamas,8
Jacalyn,34
Makenzie,20
Renu,14
Althea,34
Vilma,56
Volha,6
Daniell,7
Maricel,22
Aki,11
Bo,62
Meaghann,6
Todd,1003
Danniel,10
lamont,13
Nestor,42
Frederic,18
Tarra,16
Wilda,15
Noelia,17
Chrissy,138
Cass,13
Cooper,20
Zipporah,6
Gareth,43
Charleen,29
Kandyce,10
Abagail,6
Laurinda,13
Alley,6
Kerrin,12
Sherry,1421
Maximo,7
Angelique,108
Jacklyn,63
Rio,7
Coralee,24
Joanna,825
Khai,6
Athanasia,6
Corin,10
Karl,205
Stavroula,6
Annelise,19
Kaytee,9
Lore,11
Karah,12
Daria,86
Kaleigh,57
Rasheed,12
Codi,17
Josie,200
Sharyl,14
Constantine,14
Terry,1359
Otis,15
rock,8
Ena,25
Katerina,69
Jiawei,6
Dylon,8
Selina,91
Bali ,6
St Marys County,11
Von ,6
Sita,8
Kendal,31
Shaina,62
Mahsa,12
Berna,7
Ramin,7
Nonie,6
Elvira,44
Estrellita,9
Mary Kate,25
Yong,25
May,123
Cora-lee,6
Maria A,7
Athena,101
Tamy,11
Cady,13
Elayne,37
Alistair,18
Moraima,9
Louise,830
Dawna,39
Kathrine,40
Giuliana,18
Jefferey,9
Kory,48
Asher,8
Laurice,16
Nury,7
Johnna,56
HOA,9
Bojan,6
noel ,186
Farida,6
Maddison,13
Glen,270
Delicia,8
Shaelyn,8
Bibi,10
Nadja,34
Alicia,1476
Kimberly,3414
Ori,9
Jac,6
Kurt,253
Tito,17
Ofelia,27
Corri,7
Rindy,7
Denice,52
Tera,70
RANDON,7
Nona,24
Darron,9
Gisela,47
Sarita,30
Karina,291
Robynn,15
channing,15
rose ann,16
GIZELLE,11
felica,6
chadwick,11
Nonnie,7
Teressa,33
Feike and Tineke,7
Keenan,22
Dejan,13
Benson,11
Jackelyn,13
Laramie,6
Calla,14
Kelby,6
Hartley,8
Camie,10
CAN,6
Fuyu (Annly),16
Mei,37
Rasha,12
Anneliese,32
Nuala,9
Susana,146
Alexia,62
Mena,12
Coreen,37
Caleigh,8
Jo-Ellen,9
Alexey,18
Mary-Lynn ,8
Mayumi,25
Rochelle,298
Gustavo,119
Reesa,8
Kati,57
aneta,33
Anahita,7
Malisa,10
Bettina,56
Hussein,7
Shayla,80
Rebekah,296
yoon,10
Emanuel,22
Karinna,6
Ronette,7
Frankie's,8
Clayton,143
Kaitlyn,497
Xuan,15
Dace,6
Collins,6
Cathy,2066
Seana,12
Eilene,7
Marquita,14
Gigi,72
Jenifer,175
Kean,6
DEL,37
Katharina,14
Michael J,15
Rhian,12
Gunnar,8
Oxana,19
Ting Ting,6
Frieda,21
Kelsey,1003
Shirlene,8
Leighann,30
Azita,12
Mckayla,7
L,28
JENI,47
Freda,66
Liv,8
Raoul,9
Lesha,6
Chris,4684
myesha,9
Da,6
Marielena "Laney",6
Dr. Susan,7
Luan,8
Hernan,15
Avery,66
Truman,10
MaryKate,10
Maylin,9
Pattie Sue,6
Benton,8
Fredrick,32
Mariam,48
Jeff,2429
Highbury,8
Olimpia ,10
Isiah,9
Earlene,15
keara,16
Janyce,12
Yecenia,6
xia,10
Madalyn,20
Nereida,10
Solomon,24
Serenity,15
Arelys,7
Dafna,6
Ronn,8
Ki,10
Kerrianne,13
Geoffery,7
Ronni,54
Melodee,16
Dionne,65
Giovani,7
Kennith,6
JD,32
Rony,8
Fredrica,7
Maryalice,9
Gretta,9
Monty,22
Maritza,142
Mona,266
Nastassja,9
Paulita,6
Dayle,32
matilda,17
Mery,11
Chrisanne,7
Princess,18
Char,43
Sasan,10
Lauri,108
moe,20
Billi,10
Kenzie,26
Grant,274
Marc,839
Jamin,8
Grey,9
Carlota,7
Cinnamon,11
Genesis,38
SAMEERA,6
Jinny,18
Shanice,14
Cayce,7
Nili,7
Mitra,23
Randee,20
Lupita,9
Jose L,9
Nur,8
Shervin,9
Dyanne,15
Anders,12
Sunita,15
Bradetta,6
Mychelle,7
Carl,471
Nita,41
Suki,17
Mac,28
Lee-Anne,19
Anwar,6
Darrick,10
Syndy,6
Nayeli,10
YUTONG,15
Larraine,11
Johny,6
YIFAN,12
Devika,7
Mikaela,51
Marie-Anne,7
Markian,6
Laura,6459
Hedy,25
Nasser,8
anissa,37
Charito,7
Torrie,12
Yanira,19
Polly,97
Shikha,6
Monica,1797
garcia,6
Maxime,9
Mathieu,33
Ling,28
Ayumi,7
Moira,78
Edwardo,8
Kaoru,11
Krystina,39
Patricia Ann,9
Clare,193
Kierin,6
Cammie,16
Jochen,6
Sammi,17
Ronna,48
Jena,97
Chasity,34
Maude,8
Gill,15
Shani,32
Nancey,7
Isamar,8
zari,6
Jorden,19
Myriam,53
Cookie,13
Miho,28
Sharmaine,6
Colby,74
Ibrahim,15
Leonie,14
Amarilis,6
Frederica,9
Cory,474
Akiko,26
Ferdinand,14
Mollie,89
DAnn,8
Craig,1094
Ana M,6
Elvis,21
Franziska,9
Ma,7
Kortney,29
Serina,11
Lee,828
Alexsandra,7
Mrs.,10
Trinity,26
Luci,20
Steffan,11
Jai,10
Rona,64
Aubree,15
ashkan,7
Cindy,3322
Haylie,16
Shavon,14
Rahul,42
Jia,24
Kyleigh,7
Rebecka,16
Eileen,1028
Austen,9
Ella,115
Idalia,12
Terriann,6
Sun,19
Scarlett,32
Rajan,7
Ryan,2918
Delbert ,12
Salvatore,91
Nevin,8
Kym,81
flo,25
CHAUNCEY,6
Zelin,6
Shanthi,7
Ariana,150
Bruno,70
Colleen,1724
Jazmine,46
Drema,8
Aly,31
Lorin,31
Mirella,15
Rosalee,19
Elio,13
Viki,24
Sol,16
Violeta,23
Beatrix,11
EDNA,166
Coralie,21
Linda S,6
Jeanetta,7
Ani,21
Stu ,17
Brandi,483
Natalee,16
Dagmar,28
Kumiko,9
Yilin,9
Racquel ,27
maya,181
Jose A,18
Kallie,14
Jake,346
Lucien,11
Sharee,19
Montana,28
MICKI,38
Carry,7
Tarah,29
r,36
Ione,7
Fernando,181
Ken,1061
Carol-Ann,11
Mary K,10
Inderjit,6
Phuong,28
Chantal,270
Hira,8
Trissa,14
Mazen,7
Konrad,19
sahara,11
Jaqueline,50
Geoff,193
Fabiola,55
Dalila,11
Chevelle,7
Allene,9
Kylene,12
Ghazaleh,6
Faustina,6
Jennefer,7
Bala,10
Gianina,8
London ,7
Efren,12
Yuliya,14
Olive,18
Jeanine,244
Joe,1792
Chip,21
Danica,79
Margarita,145
Brandan,18
Mélanie,7
Pier,8
marcella,105
TAREK,9
Tonnie,6
Uwe,8
Vashti,9
Dave,1089
Alda,9
Ritchie,10
CHIZUKO,6
Honey,28
smith,10
Morena,8
Istvan,8
Liezel,6
allysa,7
Santo,13
Lyanne,6
Lynsey,56
Enrique,129
Lyle,78
Lluvia,8
Lani,67
BECCA,58
Divina,10
Jacque,51
Nisa,10
Gregg,167
Zohreh,6
Michiko,18
Anjali,20
cher,28
barabra,7
Ernestine,30
Rosalyn,68
Tennille,25
Talisha,6
Cicely,16
Lynell,9
Gae,7
Dee Ann,13
Sung,17
Sanya,11
Guillermo,106
Chaz,26
Ankit,8
Desirea,7
karol ,50
Romaine,6
Ruthann,25
Gaurav,16
Drake,20
Mary Pat,28
Will,265
Porsha,6
sepideh ,18
Steve,2490
Coni,9
Micah,76
Simin,6
Heath,74
Summer,185
Wesley,210
Mat,14
Kiyoko,6
Wilfred,31
Juan C ,9
DAMION,11
Debra,2487
Cassey,10
Nichele,6
Cheyenne,111
Raylene,26
Teddy,31
ALIA,34
Marilia,9
Emelia,13
Ruby,220
KIP,29
Renée,7
Nadene,17
Leslee,39
José ,6
Kymberly,16
Rakesh,15
Gray,17
Jennifer & Michael,6
Kimiko,11
Tamala,6
Naresh,7
Mirna,26
Roya,18
Militza,6
Ann Marie,273
kindra,13
America,14
Lavena,6
Jonelle,18
Lorenzo,49
Raegan,27
Kathya,12
Kelcy,6
Damian,93
Forrest,42
Nico,26
Tedra,8
Francine,283
Donalda,7
Flavia,34
Khaled,6
Lars,21
Jett,8
Patricia A,18
Clay,101
e,17
Maile,15
Rosie,162
Emely,10
Diva,7
Cara,573
John,8469
Aretha,9
Lawana,7
Sophia,353
Anne-Sophie,7
josiane,11
Jann,40
Monroe,9
Penn Vet Working Dog Center,6
Terrell,28
Raechel,15
Laurence,83
Quentin,38
Peg,69
Maryanne,180
Janice,1721
Karre B.,6
uday,11
Sarah Jane,11
Kamilla,9
Marisel,19
Melanee,7
Audrey,693
Woody,10
Bret,79
Divya,21
Edmund,47
Danya,16
Anahid,6
Rosalind,91
Betty,983
Glynn,6
Gregor,10
Aidan,43
Shiela ,28
Tabatha,93
Suneet,7
Justin,1885
Vallerie,7
Eitan,13
Anel,6
Jag,8
Amaya,7
amilcar,8
Mani,9
Muskoka,9
Koral,8
zabrina,12
Kaye ,53
Priscilla,328
Bowen,9
Yasmina,11
ROWAN,27
Brittnee,9
Catharine,46
Randy,796
Austyn,8
Lynda,661
Lynne,800
Anush,7
Farzaneh,9
Sindy,26
Minh,18
Ruth,1184
Robbi,17
George/Nicole,6
Yvette,401
Wilfredo,31
Karlee,40
Charmaine,142
Stephani,56
Viktoriya,6
JR,19
William J,7
Joellen,37
lauralee,16
Orna,6
Annetta,8
Teagan,15
Conni,8
Denzel,6
Manpreet,9
Su,22
Forest,11
Cathi,54
Georgene,6
Wilhelmina,8
Bridgitte,12
Cy,10
Guido & Heather,11
Leigh-Ann,16
Ariella,21
Lisa,10432
dimitri,19
Steffany,11
Ever,7
Zheng,13
Judd,12
Jeanene,12
Zoe,245
Chara,8
Mindi,37
Natali,10
Janean,9
lev,8
Gurvinder,8
Simona,37
Rose-Marie,10
Rajiv,15
Gwynneth,6
Brita,18
Ajay,35
Giannina,14
Nola,42
Luana,21
Felisha,17
Cristina,555
Jo Ellen,24
amin,17
Mitzie,20
Rayanne,7
Kimberley,349
Sarai,29
Dakota,85
Braeden,12
Milos,8
Camilo,22
Meghann,39
Bernice,173
Farrah,30
Lorry,6
Lorrie,148
Samatha,19
Kandis,14
Susanna,144
Jasper,28
Janette,154
Lyn,173
Edson,8
Gennifer,9
EMERY,15
jamaal,7
Vibeke,7
Elen,9
Raul,127
Kegan,7
Murray,113
kymberlee,6
Mary Katherine,6
Cat,35
 Susan,7
Jo Marie,9
Per,7
Rylee,20
Darla,164
Kira,158
Vickie,416
Aspen,20
Wilson,68
Megan,3266
Margherita,10
Branko,6
Willis,14
Renae,100
SHARMA,6
Deborrah,8
Richmond,7
Lauryn,38
Bethann,18
Filippo,6
Danny,454
Garrick,10
Chiquita,9
Latonya,37
Marlin,23
Jodene,6
Cherri,24
tianyi,6
PARIS,42
Vinod,9
Abraham,82
Oona,7
Maisha,9
Brigette,47
Sarina,47
Lakisha,16
Helene ,249
Mitch,169
aleksandr,19
Meaghan,183
Lolly,7
Edel,9
Alain,54
Ema,9
Ambar,10
Trent,105
Marilynne,8
Meriel,6
Alaina,101
Bara,6
Sage,46
Tammy & Paul,6
Tayna,10
Jomarie ,6
Mateo,6
Elvin,10
Khalilah,6
Analisa,9
Micheline,35
Mariano,20
yao,11
Sherie,24
Cheng,12
Sujata,14
Jeryl,9
Huy,14
Melinda,791
Nuria,11
Raymonde,6
Sheilagh,14
Tesia,7
Hermes,6
Margareta,9
Gloria ,1009
Titus,8
Jonette,8
Sibel,8
Ahmed,41
Nina,659
Edsel,6
Franki,7
Sylvain,25
Jaimi,11
Taj,9
kaitlan,8
Nesli,6
DeDe,30
Charlie,287
Hailee,17
Stevie,49
Daniele,51
Sara Jane,6
Ashlei,7
Mary A,7
Luca,24
Henri,15
Laney,12
Louella,12
Peggy,993
Gauri,6
Janey,30
Mohammed,47
Sunny,101
Susan M,9
Brandt,12
Mieko,9
Adrianne,93
kattie,7
Tambria,6
Rene,283
Ivania,8
Viktoria,27
Tenzin,9
Cruz,12
Rohan,22
Marylynn,12
Demetrios,10
Patricia,5315
Alyx,12
NICHELLE,24
Maple,6
Keitha Ann,6
Viktor,13
Matthieu,7
Regina (Kamryn),9
Bethanne,15
Melody R,7
Pei,9
Jinhee,6
Katherina,6
Diane,3848
Lillian,355
Kathryne,20
D'Arcy,8
Daren,37
Anil,33
Theron,16
Jeanna ,54
Cayla,54
Coty,13
Candice,526
Shawne,9
Kacia,6
Kiersten,52
Lyna,6
Artem,14
JAMES R,12
Kyara,24
Lizz,21
Kateryna,21
Nicoleta,7
Shaundra,7
Dayne,6
Liesl,18
Geralyn,29
Ryley,9
Terrence,84
Antoine,35
Katilyn,7
Rashida,10
Maury,13
Kimi,29
Maree,10
Yuko,26
Chance ,37
Farah,49
Larae,7
Hannelore,6
Jelena,38
Nikolay,8
Sidney,90
Nila,9
Jessika,43
Phill  ,12
Goldie,18
Randolph,39
Janel,64
Kirill,9
Aida,118
Darryn,7
Freida,8
Elnora,6
Zach ,266
Brinda ,7
Evan,484
Ayala,7
Lizbeth,32
Lauretta,17
Andreina,19
Babette,25
Caley,16
Yan ,61
Armin,8
Ka Man,6
Roy,347
NOAH,144
Corbin,27
edgardo,33
Emmy,32
Wil,12
Hamza,6
Ouafa,6
Natalie,1757
Roxane,48
Sofia,120
Weston,41
Roxie,23
Nadia,275
Lizette,52
Vera,195
Ruben,153
Milissa,23
Matty,6
Harsha,8
Mae,59
Kam,30
Laurel,397
John & Debra,8
Kadi,6
Anabel,24
Yiran,11
Deborah A,7
Waleska,21
Catharina,8
Joannie,11
Krys,6
Tai,21
Salma,10
Rishi,18
Jeri,145
Tobi,38
Rickey,28
Breya,6
Andrew,3347
Maribell,7
Andrzej ,10
Rowena,62
Scout,10
Athina,7
Gable,9
Renita,15
Dragana,9
Pamela,2689
Kaeley,8
Marianela,13
Koreen,6
Liliam,7
Eyal,11
Shellee,9
Hadley,24
Jamila,34
Audree,8
Anneke,8
Joyce,1376
Diedre,9
Miller,8
Mairead,13
Emiko,11
micky,20
Mihai,10
Ilsa,7
Orrin,9
Antonella,38
kartik,8
Yasuko,7
Eamonn,9
Deanna,939
D'Ann,6
Whitney,560
maurizio,7
Karly,48
di,18
Alba,52
Lara,366
Moni,10
Maegan,46
ALFREDO,83
Vinny,36
Giovanni,77
Elspeth,13
Jamison,15
Rande,7
J.J.,7
Prudence,20
Marjan,16
Nicola,233
Maria,4530
Jaspal,9
Bryson,15
Jojo,11
Livia,34
Bhavna,11
Melanie,2109
Alvina,14
Latonia,6
Ernesto,85
Rosaline,14
Niles,6
Jennipher,8
fiorella ,16
Danyelle,31
Neel,7
Bounce,6
Sheree,92
Mary-Ellen,12
Kyndra ,10
Mary M,7
Evonne ,19
A,49
Hai,11
Enza,26
Damien,57
Rosella,6
Chriss,10
Teri,513
Elita,6
Susie,319
Lucina,8
Nelda,16
Dallas,128
Joi,25
Dollie,11
Sue Ann,18
Tomi,19
Benita ,47
Earline,9
Niall,13
Seena,8
Inger,11
Dannie,17
Vinay,10
Charise,10
Rolland,6
Radu,14
Samia,15
Marita,45
Hilario,6
Michale,9
Ute,14
Yue,46
Katalina,11
Noemi,85
Nanci,87
Shakira,15
adel,14
Regis,6
Leia,29
Rod,178
Ioana,20
Donnette,8
Adam,1896
Neeta,8
Assunta,6
Dora,141
Olivia,555
Silvina,7
Elin,17
BARABARA,12
Gaynor,13
thanh,24
Misty,315
Vesna,20
Lidiya,8
LaRhonda,6
Shonda,20
Krisztina,15
Tomoko,26
camelia,17
mattie,33
AJ,67
Aimie,11
Stephane,31
Kamilah,7
Tona,9
Bessy,6
Maria Cristina,8
Clarice,29
Adelaida,7
Kandace,17
Cinzia,9
Kylie,179
Rajinder,7
Fawn,29
Marnie,139
Elias,45
Karie,35
Kiki,39
Otto,21
Juliette,71
Romeo,17
Jimi,11
Tamara,951
Christie,421
Martine,87
Tierra,10
Ashling,7
Beverlee,14
Peder,6
Marcee,6
Eboni,8
Julene,10
Suzy,138
Lyndon ,17
yoko,33
Claudine,70
Ivanna,7
Valda,7
Reid,65
Sallie,51
Nettie,12
Misook,7
Rubina,6
Tristen,20
Mohamad,13
Robyne,12
Tracye,6
Darcia,11
Kristin,1935
Bryant,54
Enrico,18
Sanjeev,13
Lauren,3498
Shelbie,16
Curtis,345
Alex,1731
Alivia,9
Troye,6
Sri,7
Taylor,1105
Kera,9
Pablo,86
Ronica,6
Ilona,61
Mabel,53
Frances,661
Devon,242
Correen,6
Terah,11
Nannette,21
Hamish,6
Eugenie,14
Loriann,20
Jennah,13
Valentine,20
Kieran,20
Arlyn,6
Lanette,15
Willow,31
Djana,6
Mana,10
Shon,9
Luc,28
Thor,10
Anica,9
Carol A,6
Sunnye,6
Britta,53
Dorothea,38
Brigit,16
Zachery,26
Hollis,31
Eldon  ,10
Kerry,732
Lennis,6
Tani,6
Ivory,12
Connie,1304
Mauro,21
Lilli,12
Reginald,39
Alyshia,12
Aya,18
Darcie,74
Tambra,6
Ward,24
Devyn,33
Kamie,11
Makenna,15
Rosetta,13
Deeanna,9
Sybil,58
Tanisha,52
Cornelius,11
Antonietta,24
Boris,53
Goda,7
Paul,3431
Ninette,7
yiwei,8
Neysa,10
Aisha,58
Alla,40
Marcio,7
Jannet,13
Mervyn,9
Kimmy,15
Kulwinder,7
Pati ,15
Nikolaos,9
Ezekiel,7
Avril,36
Mi,11
Irina,213
Marion,376
Boyd,23
eloisa,12
Berenice,17
Mary Jane,125
Vernon,55
Jackie,1800
Andreia,24
Mili,7
Nels,7
Lis,19
Josée,7
Bryanna,28
sonny,36
Rackel,12
Bridgid,8
Peri,13
Janessa,29
Anisha,13
Cydney,24
Leslie Ann,6
Jonah ,34
Burcu,6
Robert B,6
Aubri,7
Santa Andrew,7
Yumiko,18
Davey,6
Tom,1672
antony,22
Vincent,649
Cassy,21
Maral,6
Kassia,11
Ely,6
Priyanka,15
Cherlyn,13
Kendyl,11
Aundrea,23
Pricilla,11
Zuzana,18
Tegan,34
Jonina,8
Faviola,8
Alishia,7
Shelle,7
Earle,7
Neva,21
Leeza,10
Kamil,10
Norm,57
Rupert,13
Ria,25
Elwood,8
Claudio,61
Jeanmarie,22
Letitia,33
Marcello,25
Jeannine,225
Janine,463
nataliya,31
Harry,322
Jacki,67
Janae,32
Tameka,27
Ulf,6
Darin,91
Amer,6
Trey,62
Freeman,8
Navdeep,6
Siri,16
Winter,9
Joell,7
Merri,20
Roselyn,15
Joella,10
Chantele,6
Merle,57
Shalon,9
Charli,10
Marija,15
Calen,12
Dinna,6
Moyra,6
Petrina,15
shanell,15
Chao,12
Zola,6
Iwona,20
Alayne,14
Johanne,55
Shyann,7
Ulla,12
Laurie,2058
Zoltan,16
Hanne,9
Kalyan,9
Lorna,268
Meir,10
Chona ,8
Rina,47
Rendy,6
Marlaine,6
Georgie,14
johannah,10
Susy,27
Joani,7
Wenda,9
Kaylie,38
Aniko,12
Cyndie,19
Blanca,141
Brea,17
Brendon,55
Susan E,7
Carma,10
Chantale,19
Tanna,8
Lisanne,14
Darrell,192
Reynaldo,27
Zarina,8
Kerianne,15
Hye,12
Jodi,931
Rob,903
Kaylyn,33
Jaspreet,12
Korena,7
Charlene,769
Marylou,41
Sicily,6
Mickie,14
gayle,464
gabi,21
Tatum,27
Geraldo,8
Denna,9
Else,10
Julian,210
Afshin,7
Leopoldo,6
Aideen,6
Oksana ,55
lavonne,36
Bud,23
Dayana,28
Corine,26
Myrna,168
Nedra,10
Eliane,13
Karlyn,11
Brigida,7
Lolita,23
Nicky,89
Caprice,24
Annakim,6
Andee,7
Valerie,1823
Annamaria,28
Medina,10
Tia,165
Shauna,411
RIanna,12
Isabell,13
Rise,9
Jutta,10
Michelle,8578
Rebbecca,7
Bradford,37
Huong,11
Eduarda,11
Nazanin ,16
Sherilyn,38
Caroline M,7
Douglas,741
Cami,24
Ganesh,11
Farhad,9
Kendrick,12
Marjory,16
Kayla,1249
Carolyn,2100
Milana,17
Ashish,17
ligia,18
Chistopher,7
Tarik,17
Fatimah,6
Rosaura,11
Julio,185
Donavon,7
Gary,1855
Cait,20
Chad,754
Ingeborg,9
Christel,38
Durell,6
Estela,33
Larita,6
soheila,6
Gerson,11
Queenie,11
Karri,41
Jeny,6
Gwynn,7
Leidy,9
Anji,6
Evette,20
Sook,6
Nidhi,6
Leandro,24
Josiah,17
Thuy ,29
Lizzy,18
Lindie,9
Sandi,232
Lonni,8
Cj,55
Suni,8
Adria ,35
Dom,13
Kaushik,7
Jun,25
Liora,7
Randie,11
Kristeen,8
Ilia,10
Nova,20
Burt,17
Shoko,17
Brittni,47
James,5437
Saira,14
Kirsti,13
Abhay,11
Samy,7
Morven,6
Trista,51
Loida ,10
Marylee,16
Nadira,9
Rebeca,58
Terra,97
Donya,10
Tariq,7
Ellis,20
Francesco,33
Benny,41
Jolene & Keith,7
Rhianna,13
Theodora,35
Ziad,7
Emilia,83
Aileen,154
Angelica,362
dylan,320
Trudie,9
Brook,58
TERRE,9
Sema,6
Ran,15
Guadalupe,58
Jose,1055
Dan,1501
Arti,8
Katie,2678
Magda,53
Deidre,89
Alie,7
Phylis,17
Jamel,8
Shelbi,24
Karolina,69
Shera,16
Gene,206
Esme,11
Alta,32
Geeta,13
A.,6
kiran,34
Phil,430
Isobel,18
emiliano,7
Gerri,65
Rodd,6
Addie,36
Shelley,1030
Rajeev,10
Haleh,12
Arica,10
Kareem,10
zuleika,11
Nikolina,6
candace,691
Jacquelyn,244
Yeon H,8
Jaen,8
Kersti,6
Hal,67
Rajesh,19
Scot,39
Mia,249
Tatjana,29
Paden,10
Amy E ,6
Nikita,55
Theresa,1792
Ash,22
Nicolas,119
Linda,7736
katrena,8
Robert J.,7
Riccardo,7
Neely,7
Reese,14
Vanna,10
Devin,295
Nash,11
Billie,152
Jarred,24
Katlyn,68
Leslye,19
Annalisa,31
Jolaine,7
Lawrence,475
Alana,305
Licia,11
Rebekka,12
Robyn,873
Dalene,13
Kittie,6
Sue-Ann,6
Donia,7
Kunal,13
Tuesday,8
Verity,8
Gabor,6
Quintin,12
Shalaya,7
Len,73
Aleasha,9
Yajaira,7
Codie,10
Emiliana,8
Vanity,6
Judy,2649
Marley,23
Mehrdad,7
SUZIE,132
Tabitha,212
Brittney,398
Teona,6
Merrie,17
Migdalia,29
Daisy ,230
jiayu,6
Slyvia,6
Alina,143
Howard,436
Glenys,6
Kiri,14
Karman,6
Carley,82
Jordyn,55
Adnan,15
Teresita,34
h,8
Dayla,7
Fiona,257
Pia,61
Marlyn ,22
Victor,587
giuseppe,30
Jessalyn,13
Georgetta,6
Dody,6
Shabnam,9
Ishmael,7
Hiroshi,6
Cecilie,8
Philippa,40
Kazuko,7
Spenser,10
Madie,8
Ike,8
Rebecca,4076
Lulu,32
Testing,11
Harrison,44
Jesica,23
Kathi,111
Logan,191
Shawn,1087
Ellin,7
Casie,35
Georgina,131
Francis ,291
Fran,351
Jamal,22
carol j,6
Dr. Dawn,9
Lloyd,129
Alondra,18
Kathleen,3363
Markee,10
deloris,28
Rosana,24
Jessi,62
James A,6
Abi,13
Annelies,6
EJ,11
Garland,13
Lazaro,21
GARTH,64
Maxim,9
Stasia,15
Holden,11
Kaity,9
Weiwei,6
Terisa,6
Twila,24
Sunday,10
Tabetha,15
Isabel,315
Vi,17
Tijuana,7
Lewis,128
Jingwen,11
Maricela,39
Sunil,39
Marya,22
Clive,16
Keryn,6
Kaitie,6
Terris,11
Arash,20
Yolande,18
Shandra,15
Sawyer,7
Carman,17
Gia,41
Sona,17
Karyne,8
Klaus,16
Nesha,9
Aditya,17
Annaliese,7
Babak,16
Yanet,16
Rejeanne,8
Yelitza,7
Karon,28
Rachelle,327
Benito,12
Leopold,8
ELIZABETH A,9
Nikol,11
jen,716
Norine,19
Dorina,6
Sean,1561
Dania,27
Charly,13
Carron,6
Julius,34
Larisa,56
Usha,12
Akeem,7
Noam,7
gaby,27
Carrie-Ann,14
Kala,32
Lucretia,22
Aleli,7
Maricar,6
Kenia,27
Sharlee,6
Luke,311
Kristyn,80
Lincy,6
Anita,993
Jieun,6
Uyen,11
Babs,6
Sang,21
Cristopher,10
Mario,393
Adolfo,36
Qian,19
Arina,7
Anisa,18
Jonell,6
Lainey,19
AVIVA,32
M.,7
Rui,43
YU,51
Ioanna,14
Jacquelin,21
cleveland,8
Meggan,26
Jagruti,6
zoila,8
Bailie,6
Vita,32
Sienna,13
Man,9
Rory,80
Chang,21
Adriane,49
Nik,26
Jolynn ,32
Cera,7
Line,18
Nyssa,6
Linwood ,22
Annabelle,39
Velma,15
Rhiannon,85
Seth,303
Jaden,18
Kezia,11
Meribeth,9
Danika,36
Kaycee,23
Ricarda,6
Keegan,38
KC,14
Rafaela,18
Gennaro,9
Letty ,20
Gertrude,21
Carmelo,16
Renard,6
g,19
Aixa,9
Deseree,9
florian,7
Kiera,40
Flor,39
Alejandro,168
Dorcas,15
John S,7
Naoko,15
Jermaine,27
Asha,47
Percy,12
Serramonte,46
Hee-Sook,7
Merrilee,16
Kyla,173
Karena,27
Miyuki,14
Pat,1377
Alok,11
Kayce,13
Nikole,51
Geoffrey,203
lucila,7
Ansley,10
Sascha,17
Darline,15
Lila,86
Kasey,172
Jarrett,41
Lyndsay,94
Beverley,156
Lenora,56
Mariela ,46
King,8
Laurene,21
Tavis,8
Jeena,8
Sharina,6
Shahryar,6
veronique,43
Alixandra,13
Reem,10
Lorri,64
Shyla,28
milka,9
Jerri,59
Marlyse,6
Jenniffer,15
Garvin,9
Marian,264
Cesar,151
Lea Anne,6
Desmond,27
Kaci,26
Nikkie,9
Janee,11
Alessa,6
Shadee,10
Pankaj,11
Mariel,45
Larkin,10
Robert & Karen,8
Aggie,11
Quinten,6
Kraig,20
Mojdeh,8
Donita,15
Shalyn,8
Lavern,7
Tyrell,8
Elaina,45
Linda M,6
Staci,242
Jean Anne,6
Lubna,8
Merrill,23
Marie-Helene,6
Lory,33
cassia,14
Jaymi,10
Lexus,9
Lai,8
Millie,87
Elisa ,343
Madison,344
Janiece,10
Windy,19
Anette,24
Debi,215
Anna Maria,38
Dedra,16
Katharyn,8
jiahui,8
Rogelio,25
Tatyana,53
Navid,7
Marie-Claire,8
Callan,6
Jani,22
Gerard,125
Heike,14
Carmel D,8
Jacquelynn,19
Liezl,6
Geena,7
Test,197
Leda ,17
Ashly,36
Reema,9
Russell,447
Ingo,10
Yamil,9
Mark And Nancy,11
Deitra,6
chandra,156
Karis,15
Abbi,17
Rocio,82
Suellen,16
Denesh,10
Daniel J,11
Lanny,18
Judith,1421
Marilyn,1315
Zinaida,8
Jacinta,19
Marty,196
Eliana,27
ghazal,11
Gwyn,12
Domenica,18
Kimberlee,85
Corey,493
Ce,6
Marlena,57
Hunter,115
Sharra,6
Angele,20
Wendell,32
Thalena,7
Dyann,10
Hiroko,14
Gisselle,9
devan,31
Allison,1975
Ky,6
Moises,37
Adriel,7
Shireen,17
Shirley,1209
JOSE AND BETH,6
John D,8
Mason,69
Cira,6
Crystal,1792
Ilse,11
Cailin,25
Francie,27
Toni,700
Jerrel,6
Maddy,27
Hema,6
Leana,28
Awilda,16
Claire,829
Rusty,43
c.,7
Carolanne,11
Blaire,23
Mary M.,8
Qi,15
Tannia,6
Akira,6
Ruthanne,18
Carolann,36
Jonathan,1904
Karmen,27
Ted,347
DeAndre,9
Keith,1096
Heaven,12
Han,26
Dione,16
Katye,6
Terence ,77
Freddy,62
Dana,1799
Maeve,12
Marcel,69
Kellie,381
Shayna,90
Tarina,7
Nadezhda,6
Loren,173
Brittani,49
Riley,110
Reni,7
Brendan,273
Angee,6
Caleb,156
Heidy,14
Svetlana,128
Ruth Ann,35
emilie,98
Sachin,11
Lynn Marie,6
Charis,8
Ramy,10
Karen M.,6
Naureen,10
quinton,20
Jatinder,8
Galit,59
Zoran,7
Sian,25
Irvin,14
DONETTA,7
Ahna,7
Xu,8
Jarron,8
Breck,9
Eliezer,10
Olesya,15
Emory,9
Chun,10
Manjit,15
Maryanna,12
Bethany,469
Evelina,13
Belkis,21
Bita,11
beata,57
Reinaldo,24
Mark and Lisa,6
Niesha,6
Lloydminster Animal,11
Charline,17
yuyang,8
Cam,46
Nanelle,6
Graceann,8
Rasheeda,15
Cristiane,13
Tavia,16
Arlette,6
Ira,88
Rennie,15
Sherwin,12
Ronaldo,9
Dick,45
Kalen,9
Teresa,2109
Shalimar,6
Marc-Andre,8
Sumita,6
Sharyn,48
Avis,21
Rima,23
Lenny,64
Gena,77
Prasanna,6
Cuong,16
Talin,7
Angus,19
christianne,24
Jannine,6
hang,17
Sharie,13
Renea,16
Ilka,10
Alexis,895
Dwane,8
Chantel,127
Silas,13
Esteban,46
Erik,454
Kalene,8
Iulia,8
Nickole,18
Wade,146
Orla,7
Jamilah,8
Zina,15
CaliforniaAnimalRes.,13
Crystle,12
Lukas,20
Corrina,43
Rozina,6
Mireya,20
Herb,55
Nilda,26
Tamatha,7
Hamed,6
shalonda,13
Shuo,7
Dr Robert,7
Dannielle ,39
Rigo,8
Dimitry,6
Cadence,6
Taryn,200
Sid,49
Elisabete,6
Katalin,18
Simmi,6
Adair,12
Corrie,89
Adina,44
Ariadna,9
Georgeanne,8
Ivo,9
Brant,23
Hiromi,21
Alden  ,15
Omayra,14
Darlene,1029
Brianna,573
RAIN,16
Kali,82
Marek,17
Manoj,13
Leonard,248
Mary Lou,173
Gabbie,6
Catarina,15
Delacia,6
Sharise,8
Kacy,21
Susan B,9
Farnaz,12
justyna,23
Vishal,22
Yumi,36
Tandra,9
Isabelle,167
Lavon,13
kiya,6
Joel,670
Masoud,7
Anne Marie,176
Anda,8
Silvia,258
Keri ,309
Romy,18
Sheril,12
Noble,6
Kandy,31
Betsy,411
Tina,2160
Jonna,33
Desire,20
Marilena,8
luciana,44
Michael T.,6
Vinnie,21
Harlene,9
Maho,6
Carmella,31
Banu,6
Leora,23
Joann,729
Arik,6
Dudley,9
Tessie,8
PAOLA,196
Braxton,7
Laleh,6
Garett,7
Denisa,18
Pedro,164
Carol,4338
Bozena,11
Darcey,27
Erlean,7
Ruth-Anne,6
Kelci,6
Lorelle,6
jolanta,32
Dona,65
Ulyana,6
Joanmarie,8
Sherene,12
Branden,32
Yana,84
Tonyia,8
Kenn,8
Kalin,7
Nuno,8
Harinder,8
Maureen (Merry),11
Carole,687
Chrisie,8
Zena,15
wanting,17
Beth,1914
uzi,7
Reed,55
Gilberto,25
Maylene,6
Mikal,6
Kelley,432
Grace,858
Jannelle,8
Marla,325
Porter,7
Xinyu,8
Holli ,62
Amara,29
Evangelina,10
Suman,10
Duane,170
Shari,499
Latoya,92
Shaya,8
DawnMarie,14
Hakan,10
alonso,11
Mellisa,21
Alan,1009
Gianfranco,10
Romina,49
Sonali,7
Marcy,239
Sasha,340
Leola,8
Kara,791
Asma,14
Leeanne,59
Deane,11
Pria,6
Sylva,7
Tamika,42
Nicolina,7
Harmon,6
Alberta,31
Skyler,37
Catelyn,14
Katherine P,6
Karianne,8
Melonie,24
Danille,7
Nino,15
Prakash,9
Keisha,74
Shila,9
Florencia,12
Waleed,14
ANABELLA,7
Franklin,71
Tawana,9
Jordon,40
Alexandrea,29
thiago,13
Seymour,6
Brandice,7
Johan,40
Asa,22
Roger ,610
Alissa ,242
Lidia,62
Cissy,14
Joesph,17
Serena,191
Dinesh,8
Ela,14
Jaci,24
Allan,320
Kristy,677
KRISTIINA ,8
Ghassan,6
Toi,6
Blanche,35
Kolby,9
Juliano,8
Londa,12
Kailyn,14
Susette,10
Kristia,7
xiao,28
Kait,12
Faisal,12
Etsuko,6
Paisley,6
Bryna,11
Negar,10
Trinda,8
Lene,11
Jory,6
Salomon,7
Sirena,9
Kellyn,15
Lanna,10
Gael,13
Cheyanne,27
Thais,29
kristopher,101
Snap Program,20
Weronika,7
Nyla,15
nitin,10
Kristle,10
Aleisha,22
Liza,194
blossom,12
Lilibeth,7
Stefan,96
Ivy,140
Shanty,6
Harriett,22
Gidget,6
Jyoti,13
Emelie,12
Roksana,7
Araceli,45
Yeji,6
Sheryll,13
Ned,17
Marcellus,7
Tira,8
Colton,59
Haydee,25
Ilyssa,9
Sameer,14
Yousef,9
Margarett,7
Christophe,9
Danijela,12
Majorie,10
Ree,7
Teanna,6
Atsuko,12
Anke,6
Israel,50
Esty,6
Emad,7
Page,41
Wilma,100
Lejla,7
Raechelle,6
Dwayne,148
Naomi,429
Zen,6
Marlo,63
Jamil,7
Braden,37
Sheralyn,7
Krisann,6
Shivani,16
Tamie ,15
Rama,13
Jamie Lee,10
Malena,11
Jean-Paul,11
Sai,14
Ronan,9
Jenette,16
Fadi,9
Elsbeth,7
Elbert,11
Fatemeh,9
Gin,8
Esta,8
Loretta,318
doris,506
Toria,9
Lamia,6
Anna-Marie,19
Kemi,6
Ray,556
Tino,11
Elya,6
Leigh Ann,37
Elliott,67
Aina,6
Westley,9
Baljit,11
suzan,95
Clark,68
Jona,12
Delina,7
lesia,19
Brandin,7
Kylee,73
Marvin,151
Pooja,17
Laina,15
Jurgen,7
Blythe,34
Harvey,127
Gavin,121
JIan,8
Rino,6
Korina,20
Raye,11
Gennady,10
Korin,7
Coleman,17
Isaac,119
Harriette,9
Penny,626
Jacqualine,11
Gaia,6
Silvana,53
Ruthie,34
aliza,12
Janeen,68
Pari,7
Noella,9
Trishia,11
Ora,16
James D,7
Kian,13
Devida,6
Rhys,15
Reanna,26
Denise,3155
Lanita,11
Rei,11
bianca,284
Seung,13
Gabriella,205
Korrie,7
Shelton,9
Sommer,19
Tiana,84
Annie,605
Mikki,25
Lesli,23
Bernardo,31
Puppy (Steven),15
Kirstie,39
Jed,21
Marylyn,11
Niraj,7
Kennedy,41
Steven,2388
Isla,10
Lita,30
Rosendo,7
Dickson,8
Julie Ann,19
Vivien,43
Leigh,443
Alfred,167
Binh,8
Kaitlynn,47
Rossnina,6
Gini,14
Henrietta,31
Nikki,594
Christeen,6
Debie,13
Faith,273
Maureen,1543
Amir,59
Mariette,20
Margareth,10
Dustie,7
Dereck,11
Dot,28
Lily,249
Ian,804
Ainslie,8
Jaeyon (Jennifer),6
Brittany,2129
Patti & David,7
Helmut,8
Angella,26
Roberta ,622
Moriah,32
Avshalom,6
Federico,29
François,6
Evon,14
Karlene,33
Nora,350
Nicholas,1176
Teah,10
Ailsa,6
Darian,30
Burgandy,6
Asta,6
Lisette,67
Tammie,131
Chynna,10
Gwendolyn,119
Bobbi Jo,15
Johanna,366
Alison,1431
Lea Ann,11
Evy,6
Joie,16
Shante,16
Lisel,6
Roxanna,40
Jennifer G,8
Janay,15
Minnie,29
Marj,10
Cheri,335
Justine,353
Shianne,7
Jacinto,8
Loreen,35
DONALD,957
Jerimiah,6
Thierry,9
Dino ,51
Anjela,8
Sarrah,9
Millard,8
Jerrold,18
Grady,23
Marcelo,45
Dusty,47
Lynna,16
Lana,347
Roseanne,79
Janet,2974
Vianney,8
Inessa,16
Sarah-Jane,7
Vanesa,24
Caren,94
Kourosh,7
Tamiko,16
Shannel,6
Kristiana,7
Tasha,205
Lucia,204
Rick,925
Darien,21
Suzanna,44
Stacie,291
Farid,13
Mahnaz,8
A.J.,16
Anila,6
Tianna,35
masako,14
Ravinder,18
Ben,786
Jensen,12
Shahida,9
Marquetta,6
Betty Jo,10
Elana,73
Ludmilla ,6
Franz,15
Tenley,9
GORAN,11
Bettye,9
Jennafer,11
Meredeth,8
Center,7
Valarie,81
Rheanna,6
Yulia,34
EmilyAnne,6
Chryse,7
Ginette,46
Lissette,60
Adele,156
Rosaria,9
Kahlil,6
Christa,289
Dipa,7
Sherwood,6
Ekaterina,48
Marta,247
Sander,9
John L,10
Elona,7
Karen,8432
Viviane,25
RaeAnne,13
Dwaine ,9
Valery,15
Laurine,6
Yolanda,328
Joleen,38
Abdullah,13
Teryn,14
Kecia,11
Karma,11
Liliya,8
Mina,75
Hong,32
Rocky,46
Nan,107
beatrice,155
Layne,29
Antoniette,7
John J,6
Anna,2445
Teodora,8
Akshay,9
Sachi,14
Millicent ,28
Silvio,15
Varsha,15
Long,14
Nancy,5528
Gosia,6
Clifton,39
Terri-Lynn,25
Deb,529
Elva,22
Emmalee,8
Basil,12
Jerrie,20
Brenda and Joe,7
Isabela,16
Paige,570
Louanne,25
Gerrit,8
Glenn,486
Elida,13
Henny,10
Andrea M.,6
Cristie,11
Christen,85
Collette,41
Luba,16
SUZZETTE,6
Felecia ,30
Kenton,16
Debbi,85
Kaya,17
Bruce,983
Lorelei,44
Gabby,40
Manny,50
Maurice,99
Lashonda,6
Krissie,7
Gay,65
Edina,9
Prasad,6
Barbara A,10
Aura,28
Jens,12
Lois,549
David S,6
YAZMIN,17
Karli,60
Katarina,57
Annita,6
Briana,286
Reta,12
Ariadne,6
Shae,26
Yasamin,9
Veronica,1034
Czarina,6
Qiana,7
Rand,18
Augusto,13
Evans,7
DeAnn,42
dominique,232
Laurie Ann,6
Lynette,294
riza,8
Manfred,13
Zahra,18
Jennine,15
Jennifer L.,6
Elie,13
Jean,1603
Viola,29
Suanne,8
Margy,12
Maryellen,80
Val,129
W,8
Ana,922
Virginia,1059
Elicia,27
yaritza,18
Katarzyna,42
Meagen,16
Kae,6
Suzette,114
Umesh,8
Edwin,266
Ilonka,6
Denita,6
Tracy,2804
Kyleen,13
linette,32
Sharilyn,16
Emily,3360
Jolynne,6
Karilyn,6
Treena,29
Bethan,6
Dmitriy,18
Jon,750
BRYN,41
Liliana,121
Aaliyah,8
Ainsley,35
Ilaria,10
Anibal,10
Francois,25
Syreeta,6
Judye,8
Richard,3997
Dean,488
Tamar,44
Meera,8
Kerri-ann,6
Rogerio,6
LAVERNE,32
Camden,9
julia,1590
Dyana,9
Judith and Dan,9
Leiba,6
Priscila,16
Denisha ,12
Gus,52
Hinda,6
Evangelos,7
Shasta,25
Delores,125
Kierstan,6
Nicoletta,12
f,13
Daven,8
Andreya,7
Jordi,10
Tomasz,19
Baljinder,6
Hallie,70
Dawn,2654
Peggie,19
Anca,12
Homeward Bound,46
Estefania,16
Adrien,23
Karla,519
Ty,79
Auburn,7
Carlee,42
Junghee,6
Samara,39
Verenice,6
Star,24
Jameson,17
Karren,16
Timmy,8
Shelina,7
Suzanne "Sukey",13
Walda,6
Joerg,6
Tamera,36
Maria Elena,24
Afsaneh,7
Genevieve,248
Clinton,87
Trish,396
Walid,6
Harlan,11
Janis,286
Jola,6
Tobey,9
LouAnn,41
Anet,9
Audry,8
Sheyna,6
Chantille,8
Deb & Skip,13
ALASTAIR,11
Magan,8
Rylan,7
Central,10
Shalena,7
Tarin,11
Maralyn,7
Anika,42
celena,30
Debbra,7
Biljana,6
Luella,10
Sammie,21
Philomena,9
Ziyan,7
jayna,18
Marjorie,436
Tyler,1045
Kierra,22
Anela,11
LINDA L,8
Agatha,31
Rica,12
Caty,6
Albert,323
LoAn ,7
Robbert,6
Maria Isabel,10
Shania,18
Jeanny,6
Aurora,83
Anastassia,7
Corina,86
Alee,7
ELSA,116
Royal,6
Malgorzata,28
Jocelyn,461
kaimin,7
Reiko,8
Lorne,68
Kathrin,23
Judi,228
peter,2308
Limor,6
Rosy,19
ARNE,10
Lee Ann ,81
Elysia,17
Betina,9
Manon,41
Mirian,14
Creighton,11
Gillian,274
Motoko,6
Yoel,7
Leo,189
Waylon,7
Holley,16
Cassidy,137
Anne Louise,6
Lucille ,139
rachael,576
Eloise,42
Edit,6
Brienna,6
Harmeet ,7
Danette,57
Adda,6
Tawny,33
Al,258
Sonja,267
Constance,263
Tyson,67
Maricruz,9
Rudy,96
Darran,9
Skip,28
Susann,17
Gerald,433
Sherin,8
Maryjane,20
Angie ,814
Mill Creek Animal Hospita,27
Krystyna,36
Petra,125
Chandan,7
Tonja,54
Caralee,6
Manju,12
,6
Alix,56
Martha,1080
lori,3452
Emer,7
Ting,25
Nickolas,27
Venessa,41
Edie,68
Dario,20
Shannon,2990
Pavel,20
Ashlie,44
Miryam,10
Sky,24
Cathe,9
Marilu,10
Amal,10
Mable,9
Cyndi,169
cassandre,6
Yeni,6
Gail,1583
Maryse,13
Ashok,11
Shaye,7
Yukiko,15
Rori,7
Christelle,10
Dorise,8
Audie,7
Carrie-Anne ,6
Darci,65
Elsie,85
Hua,12
Allyssa,20
Umberto,8
Lakshmi,10
Dr. John,8
Imelda,29
Telma,13
DAINA,22
Brion,6
Mitchell,286
Tonia,90
Gunther,7
Maria E,14
Lorraine,988
Sydnie,9
sheetal,11
Richie,25
Galen,34
Nikkia,7
Imani,11
Kassie,41
Elvia,18
thania,6
JUSTYNE,7
Ronisha,7
Destinee,11
Rosann,14
Marysol,7
Carlin,13
Alyssa,1132
Crystall,6
Ellyn,32
January,6
Rhiana,9
Brennan,50
Marcelino,9
Tenisha,10
SHONNIE,10
Nathaniel,134
Tomas,54
Madelynn,9
Morag,13
Gwen,336
Kenda,12
TANJA,53
Jared,434
Kent,210
Lucero,11
Veda,7
Vince,122
Tyrone,51
Paulette,216
Tylor,7
Aryn,8
Pura,9
Nelson,182
Francesca ,224
Trinh,12
Adelaide,13
Winona,21
Yesica,8
Dr. April ,6
Tiziana,16
Rolf,18
Arika,8
Sumeet,7
LaDonna,45
Rhoda,48
AZUCENA,13
Ang,9
Anitra,11
Luciano,17
Benoit,19
Barry,570
Manina,6
Lisabeth,6
Shilpa,8
Delinda,8
Jedediah,6
perry,119
ANNEMARIE,87
Parastoo,6
Mariselle,6
Sapphire,7
Aziza,10
Jayla,6
Eoin,8
Jean Marie,14
Orlando,84
Lonna,8
Seamus,11
Latha,9
Gautam,13
Kenna,26
Keitha,11
Roswitha,6
Cole,121
Mikiko,7
Sandhya,8
Fabienne,8
HECTOR,204
Domingo,16
Manuel,316
Solveig,7
Candise,7
Marcie,148
Irv,8
Carlyn,22
Aurelia,29
Vijay,27
Andreea,13
Rotem,8
Tausha,6
Hoang ,12
Fallon,55
Rong,7
Mary Sue,13
September,9
STORMY ,17
Caitlan,10
Diane Little,8
Mary Kay,52
Carissa,139
Sheron,14
Johnny,204
Michaela,219
Catalina,105
Teagen,6
Mary Lee,20
Phylicia,14
Karleen,13
Julee,15
Ranjit,13
Kel,7
Anton,51
Santos,31
Adopt A,9
Trace,16
Shantell,8
Dagmara,8
Talisa,6
Oscar,216
Mary Grace,25
Rosanna,105
Sia,6
Iris,289
katelyn,398
Yves,27
Norma Jean,13
Liria,9
Carli,49
ROBBYN,19
Lilliam,6
Sheyla,8
tram,12
Aiko,6
Terrance,55
Vance,34
Melisa,91
Doron,12
Kori,67
Fatima,95
Larry & Beverly,9
Angela,4031
Belle,30
Clement,17
Janea,8
Candy,211
Danyel,11
Jaana,8
R.,6
Claira,7
Herbert,109
Dalyce,16
Krystal,456
Eneida,11
Alexie,7
Michel,94
Malissa,36
Erin,3276
Kathline,6
Elodie,9
Nidia,14
Carol J.,6
Samson,15
Elke,55
Arman,12
Vanya,6
Theo,45
neal,153
Cynthia,2756
Khyati,6
MADELYN,84
Dulce,42
Ross,281
Dennis,1170
Leticia,174
Efrain,28
Riane,7
Katja,38
Song,9
Leane,9
Robert C,6
Liisa,18
Edye,6
Cherly,6
Malia,35
Salina,27
Theressa,14
Franco,35
Shuai,6
Esra,8
Trisha,368
Dawn Marie,10
Yael,25
Jacie,6
Lisandra,16
MELITA,23
Pk,6
CHANDA,36
Precious,20
Devora,10
HART,6
Alireza,21
Alpha,25
Ed,568
Cece,8
Layla,37
Jaynie,8
Vinh,12
laryssa,10
Ciera,22
Charley,18
Unique,11
Corinne,383
Teryl,9
Leyda,6
Teena,54
Brenden,34
Marilynn,41
Sarah,6912
Soraya,36
Bernadette,363
Chrystal,82
DeeDee,34
Estrella,35
JENNELLE,13
Gilbert,113
Perla,39
Edris,6
Kailee,19
Zaneta,11
Dominic,156
Kandi,36
Phoenix,9
Nasim,19
Joline,15
Rehan,8
Kristel,23
Tiancheng,7
Karlie,42
Giacomo,8
Supriya,13
Keely,58
Clara,229
Denia,7
Mary Lu,7
Kyle,1272
Murielle,7
Rabia,7
c,40
Ziggy,9
Gil,39
Tim,1518
Thaddeus,12
Giulio,6
Wayde,7
Octavia,24
Brayden,20
Brigitte,118
Scarlet,13
Michiyo,7
Fany,6
Caroline,1312
Billy,178
Pan,7
Corwin,9
Alethea,21
Gayna,6
ALESIA,18
Drew,288
WILLY,18
Abeer,8
Lucile,10
Shahla,7
Roch,6
NIKOLA,16
Juana,38
Orest,8
Keeley,25
Shane,537
Lorette,6
Cai'lin,7
Chunpo,6
Laurelle,6
Mari,123
Kaycie,9
Quyen,11
Stuart ,327
Willie,87
Britani,6
Miranda,420
Addy,9
Prashant,10
Tali,26
Shanna,159
Meagan,337
Alisia,10
Sherree,9
Jolanda,17
Whitley,9
Tashina,6
Joy & Paul,9
jae,30
Terry Lynn,6
Ric,19
Melea,6
Kaylea,9
Seline,8
Nichol,12
Merritt,25
Dionna,6
Nneka,7
Tee,7
Kazuyo,6
Lorretta,6
Barbara Ann,11
Linda Lee,6
Raluca,12
Humberto,31
Kyra,95
Carol Anne,19
Alice K,20
marine,6
Kaytlin,13
Tine,9
Aimee,553
Kateri,10
Betty Ann,16
Sherisse,8
Debby,167
Asim,7
Gabbi,6
Chaney,7
Keirsten,6
Carlie,47
Nilesh,7
Diogo,6
Natale,8
Leighton,9
Aaryn,9
Thelma,60
Kingsley,8
Ronaye,8
Delphine,13
Cameron,410
Izabela,16
Janene,30
Sima,24
Cindi,152
Aldo,32
Ramandeep,7
Harley,60
Kianna,16
Eleana,9
Gale,144
Rodrigo,82
Fred,524
Henry,477
Olena,31
Kody,21
jairo ,24
Maria E.,6
Crista,37
Lorriane,10
sharri,15
Yiting,7
Dierdre,9
Freddie,25
Jane Ann,9
Nam,15
Leanne,643
Nathanael,10
Zoraida,16
Michal,60
Alonzo,11
Ervin,12
Marysue,6
Bonni,19
Tetyana,13
Michael F,6
Silke,19
Jaswinder,13
Carol Lee,7
Voula,8
Bridgit,6
Isis,21
Wyatt,35
Tama,10
Dee,243
Nadiya,11
Lysa,27
Kendra,487
Stewart,85
Deena,115
Bobby,228
Ralf,8
chyanne,8
DONNA S.,9
Lydia,463
Haleigh,29
Cedric,34
Thea,71
John Paul,16
Hugh,122
Deana,153
Enid,44
Bryana,23
Margo,202
William,3727
anderson,10
Dogs 4,40
Patricia D,6
Marny,6
jericho,6
Bryon ,28
Tari,19
Stanley,165
loraine,50
Oswaldo,16
evgeny,9
sheng,10
Madilyn,6
Sharman,10
Georgette,66
Sylvie,121
Anand,31
Camellia,8
franca,32
Angeles,6
Ginny,155
Darby,31
Sanford,27
MARLANA,7
Dani,128
Sarena,13
Pandora,13
Mauricio,66
Kane,12
Aliona,9
Agustin,18
Les,99
Royce,30
Edita,8
Birgit,20
Nivia,6
Milt,6
Terrill,6
Saralyn,7
Maha,13
Surinder,15
Rolando,61
yuval,8
Analiza,11
Bing,12
Monique,640
Daryl,195
Selena,117
Doree,12
LuAnn,76
Shadi,18
Arnie,15
Valeriya,12
Yenny,6
Shaila,11
Jenessa,12
Dwain,10
Zenaida,15
Opal,9
Tirzah,9
Coco,10
Josefina,29
Vikki,69
Leni,9
Shey,7
Anthony,2396
Roisin,6
Brunilda,9
mari ann,7
Deisy,7
Sergio,201
Brooke,905
Marie Helene,7
Orestes,8
Gema,11
Scottie,12
Socorro,19
Darragh,7
Ivona,11
Arely,10
Suely,7
Patricia A.,16
Anthea,16
audrianna,6
Dustyn,8
Emerald,17
Francisca,27
Pilar,79
Zhihao,6
Chase,157
Ksenia,18
Mary L,11
Lil,14
Beau,56
Winifred,27
Emilee,42
Mary-Anne,25
Ace,6
Saritha,6
Moji,6
Gaetano,10
Valene,10
Gwyneth,15
Eri,9
AnnaLee,8
MALIKA,8
Eugena,6
Pinar,7
Brannon ,6
Mikey,8
Gianna,66
Nakia,17
Elzbieta,8
Milton,77
Niamh,6
Tierney,27
Marvel,6
Michaelle,17
Kalena,6
Oneida ,11
Massimo,10
Melissia,8
Danita,18
Delilah,22
Kwan,8
Rania,13
Keirstin,6
Hans,75
Laurencia,10
Mie,8
Kamran,17
Corryn,6
Wes,116
Venice,13
Donna Marie,15
Leonardo,81
gabriela,282
Oriana,22
Bambi,30
Carri,37
Georganne,11
Jeannie,300
Rae Ann,6
Sylvester,7
Kaley,50
Clementine,7
Emmie,9
Luigina,13
Dixon,9
Lucy,509
Sumner,7
Reg,26
Concepcion,9
Myrtle,14
Clarence,83
Vicki,1158
Deryl,9
Alma,178
Micaela,63
Jerry,763
yuting,7
kj,11
Kristyna,10
Yara ,12
Rickie,16
Lizeth,19
Marsha,506
Maryia,7
Vincenzo,25
ARNEL,6
Koji,9
Yuki,23
Meghan,909
Marilee,40
Mary Beth,182
Nikkole,7
Yessenia,19
Luther,16
Aiden,17
Robin,2600
Aline,82
Parker,66
Sondra,108
daneen,15
Melaine,12
LizAnne,9
Sheridan,19
Marah,7
Zelda,10
Yanina,16
Karem,9
Tao,24
Rhett,18
Kaylin,39
Karisa,10
Wynter,11
Ronelle,10
Margaret,2390
Akilah,11
Genelle,17
Momo,6
Alisson,6
Yahaira,14
Lannie,17
NYREE,8
Carla,1018
Eda,10
Dasha,14
Kaylah,6
Chari,11
Minda,13
Breanna,197
Dinorah,8
Sergei,9
Parveen,17
Lynnette,76
Rachele,22
Carmelina,14
Kinga,19
Jean Pierre,6
Marie-Pier,7
Maryn,9
Katerine,8
Carie,34
Lei,27
Alexi,15
Roxan,6
Debrah,26
Aleena,6
Ramesh,11
Suzann,13
Dotti,6
Yannick,7
Cassandra,717
Bebe,12
Tatyanna,6
dawne,42
Andrey,18
ada,103
Juliet,102
Cassiana,6
Lyssa,15
Kelcey,10
Doni,9
Orion,11
Darleen,46
Mikala,12
kavita,20
Rosalia,16
Joan,1956
Bonnie,1737
Rubi,13
Nathanial,10
Akash,9
Jeramy,7
Neila,7
Ramiro,17
Becky,919
Romana,9
Cinthia,24
Marielle,40
Cari,135
Anuradha,11
Karine,52
Sarie,6
Lui,6
Arvin,8
Sylke,8
Donn,15
Elton,17
JC,18
Macie,9
BARRIE,28
Tanika,6
Fabiana,34
Soledad,18
Susan M.,7
Ying,64
Barbra,90
Nayef,13
Yevgeniya,8
Sloan,9
Takeshi,8
Farrell,10
Elysse,8
CAROL AND MARK,6
Greg,1443
lee anne,24
Lorenda,13
Victoria,2247
Archana,11
Colten,9
Elisabet,6
jiayi,18
Eugenio,11
Susan & Michael,6
Desi,18
Elisia,7
Lela,17
Karrie,80
Gen,12
Nell,18
Katina,46
Rhonda,1140
Tamsin,6
Donna Lee,7
Melida,8
Myra,125
Wilbur,10
Diana,2338
Khadijah,13
Shantal,11
Amalia,35
Katheryne,9
Breena,12
Nini,6
Liam,80
Piper,20
Cally,12
Niko,9
Court,7
Nandita,8
Shannan,33
Nasrin,10
Catherine,2833
Serge,32
Terrie,118
Newton,7
Toni Ann,7
Yin,11
Armand,24
Shawnette,6
Burke,9
Mika,40
Brown,6
Nenad,7
Vanina,8
Marika,37
Leann,159
Shevonne,7
Diann,46
Stefani,66
Carleen,25
Nicholette,7
Darryl,238
Lang,6
Marquis,10
SHAWANDA,8
Max ,256
Merideth,7
Tamela,26
Melany,12
Leta,18
Angi,24
Jessy,26
Siobhan,100
Tiffanie,48
Lynae,7
Shalee,10
Serafina,9
Courtenay,33
Reshma,14
Hadi,7
Abigale ,14
Krista,940
Bari,35
Josef,24
Nga,16
Shayan ,10
Sharan,12
chanel,57
Raja,14
Terresa,10
Sherril,8
Yelena,75
Jazmin,74
Curt,63
Kelcie,16
melina,84
Jeffry,10
Verne,12
Hugo,73
Rami,17
mary anne,130
Jay,694
Corissa,18
xin,28
Lanie,17
Tonya,473
Willard,22
Bri,23
Yvon,14
Anthony J,9
KRYSTINE,10
Christian,582
Berta,16
Shirly,8
Herta,6
Erynn,11
Thalia,30
Fredeswinda,6
Monte,36
Kathie,164
Jordan,1169
Jakob,12
Kinyorda,6
Erika,939
xiaojun,6
Molly,841
Nadeen,7
Evanne,7
Juanita,210
Marguerite,172
Treva,17
Jeremy,1078
Arlyne,6
Ondrea,7
mykel,6
Tessa,186
Shaheen,7
Moon,9
Regina,628
Berit,10
Marylin,13
Gerry,178
JP,19
Leigh Anne,23
Shahin,11
Rosalinda,32
Janelle,349
Isa,9
Ami,59
Chelsey,180
Jovana,14
Jennette ,15
Wanita,6
Steffi,10
Jarret,15
Zorina,9
Irving,30
Lenae,7
TOBY,121
Brenda,2779
Hussain,11
Donette,11
JIE,43
Cindie,16
Luisa,126
Brittny,19
Sami,37
Jaya,9
Kaleena,10
Peng,18
Shefali,7
Didi,19
Nima,23
Kseniya,8
Mikaila,8
Emma,678
Katelynn,55
Natasha,863
Destini,7
Kaili,11
Meng,18
Marea,7
Ranae,11
Oleksandr,12
Esmerelda,12
Jasmina,9
Cristal,35
Elham,6
Tait,6
Horace,8
Leif,9
Lauran,6
Kourtney,61
Joye,16
Aleah,23
Keven,15
Dexter,35
Dia,15
Elayna,15
Lu ,38
MARCELA,86
Jannette,22
Shizuka ,7
John W,7
Shameka,12
Lisi ,6
Iva,25
Halley,13
Michael J.,13
Zak,20
Bart,74
Cate,39
Andi,44
Laquita,8
Jean-Guy,9
Gisele,54
Rodger,33
Angelika,34
Lorianne,22
JJ ,39
Dara,127
Hamid,12
Deneen,26
Ivan,217
Larry ,1136
Abhinav,6
Jinelle,11
Sari,37
Jarvis,13
Germaine,39
Lennie,6
Carrin ,8
Stephenie,32
Lupe,39
Thai,6
Mitchel,31
andree,29
Steffanie,20
Marinda,7
Eszter,6
Kanwar,6
Gaynell,7
Kailey,56
Barb ,584
Lance,241
Laine,33
Lilly,68
MARISOL,130
Nicholle,12
Brande,11
Karan,39
Elle,37
Laural,6
Davida,22
Heriberto,6
Chelsie,62
Preet,10
Walker,17
Ines,44
Elma,14
Juliann,28
Neill,11
Bea,31
Donnamarie,7
Kayte,8
Xiaolin,7
Mavis,26
CATHERIN,7
Suzannah,12
Stevan,12
Loryn,12
Sandrine,9
Nicci,16
Chelsy,11
monisha,8
Felix,119
Aruna,14
Jenilee,7
MaryGrace,6
Mary Lynn,28
Day,6
Gaston,7
Rubie,6
DeVonne,6
Josh,1006
Holland,12
Heide,17
PATRICA,29
Aldona,12
Abbe,21
Tory,46
Ester,30
Quang,8
Jerrica,24
Madhu,9
Lindsi,6
Akram,11
Devi,14
Marlys,12
Bonita,85
Kalee,12
Mayra,168
Malina,15
Kate,1596
Octavio,13
Jenell,10
Coy,11
Yasmin,94
Whit,6
Kelsy,19
Lyla,15
Tika,6
Kristofer,17
Hyacinth,6
Lauree,7
Kari,589
Violet,91
Dimitra,16
Darko,8
ANJULI,12
Kelly Anne,7
Ashraf,6
Cal,28
Ciara,79
Jayleen,10
Hillary,312
Eva,559
Dorrit,10
Tyla,13
jarett,13
Lorilee,7
Junko,28
Douglass,7
Stephanie & John,6
Jasbir,9
Pamila,11
Kelli,523
Radhika,8
Tisa,10
Rosalba ,20
Leduc Vet,14
samantha,3070
Bernd,6
Wai,11
Jerzy,6
jasmin,127
Ericha,6
Zada,7
LAUREI,8
Skylar,43
Shree,7
Daron,7
Randa,31
Miki,36
Colin,419
Garrett,204
Suzana,25
Trine,6
Mimi,141
Shayleen ,9
Laurent,7
Dorene,48
Dr. michael,7
cierra,40
Herman,49
Maria Carolina,6
cherryl,18
Safe At Last ,18
Gian,8
Blain ,12
Julianna,98
Chandler,46
Julienne,13
Alec,85
Camille,318
Marwan,7
Lior,8
Kenisha,13
Dewey,11
Laurie-Ann,6
Patt,13
Makiko,8
Kiana,46
Eleni,57
Bertrand,8
Payton ,28
Mylene,26
Tyne,6
Shonna,24
Neisha,15
korey,31
Jennifer & John,8
Roslyn,59
Dayna,173
Gretchen,368
Damon,96
Tala,10
Torie,9
SIBYL,8
Keltie,6
Jacqueline,1669
Misti,36
E.,6
Jarin,9
Frankie,84
Erna,15
Lavinia,14
Fidel,11
Nami,16
Vienna,8
ilda,8
Melynda,9
Kay,554
Minerva,39
Ari,79
Robi,10
edison,16
Maranda,15
Dror,8
Mallory ,270
Patti,777
Merry,50
Margarida,6
Alvaro,60
Libbie,14
Debora,170
Ellie,143
Alyona,7
Ildiko,15
Adriana,461
Armanda,9
Mikael,10
Roman,92
Savanna,30
Kristian,54
Aris,14
Abel,39
Savannah,204
Shay,65
Ridgley,13
Lucky Dog,22
Carson,52
Vania,26
Janna,145
Lionel,29
Loran,12
Kaylynn,11
Terese,33
D.J.,8
Wally,32
Tameika,6
Allana,24
Zinnia,12
Alphonso,8
April,1331
Mandie,15
Maki,18
Avelina,6
Vito,48
Tisha,75
Cristobal,6
Ronnie,192
Marly,11
Iryna,33
Tam,28
Kumar,6
Lou Anne,6
Lary,7
Dorian,62
Courteney,10
Ruth Anne,8
Simi,7
Nancee,7
Lan,37
Chester,53
Janny,9
Roxana,81
Julieanne ,8
Shiva,25
Ricki,34
Derick,24
Youqi,6
Aubry,6
Kalli,14
Jenea,7
Alecia,57
Bert,48
Marshall,104
stanislav,10
Lien,9
Arian,6
Sheila,1477
Obed,8
FENTON,8
Kameron,17
Rashad,7
Duke,9
Coleen,93
Hanan,11
Roslynn,7
Juston,8
Bryanne,16
Adena ,22
Mihaela,14
Lorrin,8
Joslyn,28
Inge,21
Maralee ,9
Francisco,256
Noushin,6
Nisha,27
Davy,11
Edmundo,6
Caylee,12
Kathleen A,6
robynne,13
Gerardo,83
Trever,13
Tula,7
Malvina,12
Des,6
Zane,27
Dalton,60
Alfreda,9
Lex,10
Salena,10
Dvora,6
Valentina,90
Caryl,48
Paula,1917
Blaise,15
Samira,28
Gordana,18
Gudrun,9
darrel,25
Mirela,19
Parisa,18
sonia,535
Lindy,101
Moses,20
Aron,48
Hwai Sheng,15
Deniece,6
Cordelia,11
Rosemarie,291
Kristianne,6
Sebastian,89
SIMONE,242
Sandrea,7
Rayanna,7
Ferne,8
HESTER,7
Rupinder,7
Erich,52
Lady,11
Kamini,9
Francheska,6
Bekah,9
Nikolai,12
Palmira,6
Shahnaz,6
Sanjay,32
Setsuko,8
bentley,8
Norene,8
German,24
kurtis,53
Jo-Ann,80
Briget,7
Kandise,6
Rohit,29
Elea,7
Cheree,14
Kellee,32
De Ann,6
Benjamin,723
Toya ,12
Bobbi-Jo,12
Latosha,8
Woodrow,7
Melyssa,23
Christy,829
Ji,15
Laurianne,8
Collin,108
Dahlia ,23
Kayley,24
Juliene,6
Zander,6
ARCELIA,8
Wayne,672
Aja,35
Rikki,52
Cecilia,372
Spencer,215
Inbal,6
Tiffani,66
Nadege,9
Trena,18
Bao,16
Salome,13
Katelin,32
Dinah,36
Johana,27
Ana Maria,32
Graydon,7
Bijan,13
Ramzi,10
Bree,73
Rafael,231
mercy,24
Alin,6
Irma,142
Lyndsey,125
Radha,14
Mary Alice,33
Leonel,9
Gage,19
DUNG,6
Lashawna,6
SHARONDA,11
Rhea,70
Michelina,9
Eloy,16
Lexie,16
Jasleen,8
Desiree,439
Gabe,58
Blaize,6
Mary E.,8
Christal,45
Jaime,624
Jovanna,7
Lisbeth,18
Shannen,22
Eugenia,47
Noemy,7
Jerrod,13
Marga,6
Mary Catherine,22
roz,26
Jordana,52
Andie,16
Jennica,9
Ngan,9
Arya,9
Natalya,59
Tarja,7
Kaylen,21
Jerilyn,22
Travis,646
Tahlia,6
Eydie,7
melia,13
Torrey,21
Brock,61
Karolyn,40
Hisham,6
Samual,7
Sherryl,29
Diandra,12
Lacy,63
Giovana,7
Ilya,27
Vlada,6
Zeke,10
Leila,128
Darrin,70
Symone,7
Karel,16
Neda,29
lucio,12
Loni,33
Karissa,84
Maris,22
Merryl,15
Ashanti,10
Shavonne,10
Dawn-marie,10
MIRA,41
Ardis,6
Larysa,10
trinidad,15
Yekaterina,12
Randell,10
Borys,6
Arielle,101
Sahar,16
Arline,22
Leasa,12
Dj,48
Mary Louise,23
Brandee,26
Katlin,11
Janella,9
Marie-Claude,6
Veleta,6
Judah,10
Charles R,6
Adrianna,72
Rena,106
Asia,38
Laurissa,10
Mara,159
Lisa Ann,15
Joelene,15
Allison Oberc,7
Zulma,19
Ann L,6
Tobin,6
jaron,17
Kena,8
Carlton,29
Raisa,28
Namita,7
Carling,11
Beryl,48
Werner,8
Domonique,13
Nanette,91
Saba,13
Cassady,6
Alicja,8
Stephan,109
Cathryn,78
aurelio,13
Katey,23
Inara,6
Bailey,191
Tri,6
Arlie,7
Maria Gabriela,8
Robby,24
Gloria A,13
Elysha,8
Cortney,72
Vladimir,64
Andrei,23
Lynzi,9
Kalle,6
Autumn,247
Bobbi,195
ASHLYN,47
Corliss,7
Klarissa,6
Elanna,6
Julien,21
GRIFF ,7
Edith,243
caesar,6
Marianne,643
Laura-Lee,9
Carolina,301
Kodi ,10
Pierce,7
Puja,13
varun,11
Ximena,25
Nic,26
Kenyatta,6
briar,7
Kamala,14
BLAINE,81
Andria,54
Omer,10
Kenneth,1045
Patrice,192
Hope,298
Shanda,40
Arthur,430
Hassan,15
Flynn,7
Julieta,14
L. Mishel,7
Mary Rose,15
Laken,7
Natashia,20
Jenn,309
Darren,459
Annamarie,48
ariane,30
Jarid,7
Malin,10
Grayson,14
Darcy,269
Marcus,252
Kimberely,11
Rekha,7
Marisa,414
Savana,12
Catia,6
Alysia,54
Rudolph,12
Hilde,7
Itzel,17
Dax,9
Josee,60
Genie,33
Katia,56
Portia,29
Marius,12
Sabina,68
Alexander,660
Rajdeep,6
Vikas,15
Sherri,565
Verna,63
Aarti,9
Echo,20
Schuyler,13
Palma,14
Anju,13
Amina,28
Joni,174
colette,192
Olga,423
Bernadett,10
Meegan ,16
Jerica,13
Tamra,86
Dell,11
Magdalene,7
Shereen,25
Parminder,10
Alayna,24
Anuj,9
Godfrey,6
Xavier,61
Arnold,123
Amrit,20
Cosmo,10
Mary-Kate,6
Ann,2343
wilbert,16
Aurea,15
Sheilla,8
Ginna,9
Brigitta,14
Cristi,17
Gina,1691
Danell,8
Yuka,12
Risha ,8
Lael,6
Shawntelle,8
Lenore,93
Signe,9
Jeffrey,1461
Aria,16
latisha,44
Kathia,7
Dmitry,29
Shellie,83
Kaylee,115
Felicia,378
Angelos,6
Svitlana,15
Fermin,6
Amity,10
Cyndy,51
Jaysen,9
Isela,6
Danilo,20
Wilton,6
Ellery,10
ANDREAS,28
HAVEN,16
Simeon,14
Lowell,34
HEEJIN,9
Sully,7
Ka,6
Luz,175
Verena,10
Jamey,27
Ilan,22
Mary-Kay,6
Kristie,326
Maegen,8
Raina,42
Deven,10
Heinz,6
Augustine,16
Candra,8
JODELL,7
Courtney,1898
Jonas,24
Willam,11
Janeen and Mark,6
Lorene,47
Tj,75
Claudia,1053
Salima,8
Calvin,147
Adrian,355
Taelor,6
Carmen,932
Tobias,21
PETE,179
Rozalyn ,6
Nickie,27
Andriy,6
Huitung,6
Angela M,7
Jyotika,7
Kari Jo,6
Liberty,18
Missy,127
Denisse,23
Regine,15
Mychal,6
ALYSSON,8
Noe,13
liset,9
Clarissa,108
Spring,29
Christina,3503
Jazmyn,11
Katty,8
Brynne,9
Marie-Josee,10
Deryk,10
Danni,27
Georgann,10
Florence,245
Katy,306
Pierrette,10
min,47
Masa,6
sangeeta,9
yiming,6
Hayden,36
Kendell,14
Crickett,7
Arron,8
Leisa,25
Maite,13
Yuan,27
Art,130
Chrystie,7
RJ,25
Joshua,1275
Ayesha,36
Aprille,7
Kassy ,13
Donny,27
Evelin,13
Venus,39
Karalee,8
J,89
Katheryn,32
Lynsie,11
Tracey,1146
oleh,6
Aminah,9
Sharlie,15
Brad and Brenda,6
Cinda,20
Kolette,6
Viet,8
Na,12
Mal,6
Shona,55
Gisella,16
Daniela,378
Kaytlynn,7
Misael,11
Shilo,19
Camile,9
Gayla,19
Milica,8
Jacinda,11
Mikhail,33
Stefany,20
Thom,30
Aaron,1115
Rachell,6
Bevan,6
Deva,6
Peter J,6
Cheryl L.,6
Kiyana,6
Chuan,6
Nakita,10
Aleesha,8
Mariane,10
Juan Pablo,13
Barbara J,7
Chuck,236
Amberlea,6
Kasie,16
Katherin,10
Elyse,168
Melody,411
Ysabel,8
Suyapa,7
Luigi,33
Jovan,9
Magen,16
Dwight,98
Marlina,13
Hailea,8
Anni,16
mary & david,7
Brooklynn,6
Delaine,16
Honor,11
Jhon,12
Jacquelyne,18
Nicol,21
Harjit,12
Bernie,77
dominika,19
sherrill,33
Erma,17
Jad,6
Jace,12
Marleen,23
Amy,5888
Avinash,7
Ailin,6
cameo,15
Elba,23
Jonel,6
Kamille,9
Wendie,23
Marlie,7
franchesca,20
Graham,180
Carole R,10
Morris,33
LALISA,9
Evita,10
Ashwin,7
prince,17
Timothy,1114
Marney,10
Shalom,12
Gracie,43
Kale,12
Anastasiya,10
Jingjing,6
Janita,7
GREGORIO,7
ivis,7
Edyta,14
Amada,9
Tara,2102
Rebeka ,13
emir,7
Geraldine,262
Natascha,29
Raj,59
Tania,366
Maud,8
CODY,444
Ruxandra,9
Jas,8
Ivey,14
Lonnie,58
Kevin "Scott",6
Terri,1169
Mervin,6
Hardeep,8
Tereen,7
Tami,435
Sylvette,8
Annik,8
Yolonda,7
Cassi,22
Shain,6
Keesha,9
Abbie,64
Louis,453
Elizaveta,6
Mag,6
Lianna,30
Patricio,13
Theresia,9
Jules,45
Giulia,23
Manish,21
Elissa,141
Dolly,40
Wynne,14
Marijane,6
Amee,27
Vic,37
Chau,7
Karyl,7
Kimber,34
Nana,19
Melanie and Rob,6
martin,667
Bessie,36
Conner,25
Kaydee,6
Tien,19
Luis,673
Alexandre,31
Carina,122
Tawnia,6
Annaliza,8
Marisabel,6
Michele,2223
Leanora,6
Keaton,11
Cheron,11
Esmeralda,80
Yen,25
Kellye,17
Mandy,488
Sara,2592
Devra,10
Annick,12
Tosha,33
Anne-Marie,86
Rita,862
Elaine,1421
Archie,21
domenick,12
Aleksey,7
Spiro,10
Doria,8
Omari,6
Kenyon,11
Joselyn,13
Dottie,60
Christoper,9
Irmgard,10
Tyrel,12
Grisel,15
Kalah,9
Brain,12
Jasen,14
Jaymie,25
Charisse,44
Melvin,114
Ludy,7
Maira,31
Asuka,7
Tamarra,9
Alesha,29
Mieke,12
Lacie,31
Jamia,6
Daniella,158
JOURDAN,13
Michael,9868
Sudhir,10
Sapna,9
Denyce,15
Electra,10
Denine,12
Kyung,8
Lourdes,196
Federica,10
Hung,16
Zainab,8
Sheana,7
Myron,30
Jakub,7
Iesha,11
Adi,7
Debbie,3418
Zdenka,7
Vin ,7
Muriel,78
Sharron,110
Jenna,944
Danuta,11
Jyl,11
Ram,13
Patrycja,14
Zhi,6
Shandy,9
Jade ,254
Jesseca,6
Juli,85
Miguel,295
Nereyda,7
Ailyn,6
Pegah,11
Patricia J,6
Barbara A.,10
Kyrie,12
Winfred,6
winston,36
Nydia,28
Linnet,8
Sharmila,8
Marge,94
Maci,8
Uriel,8
Keiko,25
Emmett,20
Abbey,74
Tammara,16
Ally,82
Jenica,9
Donelle,7
Alisse,9
Brendy,6
Addison,29
Serrina,9
GLADYS,195
Tiera,10
Catriona,14
ALIYAH,6
mariana,158
Tagisia,6
Felisa,16
Kenneth L,7
Dimple,8
Karen L,9
Markus,25
Tate,11
Roosevelt,9
Karole,6
Patrizia,31
Vesta,10
Alessandra,94
Neha,22
LEONOR,40
Jesika,10
Helga,43
Alva,8
Ignacio,35
Magaly,17
Katryna,6
John Michael,8
Jaclyn,415
Niccole,10
Sherina,7
Erick,100
Sebastien,41
Jacob,676
charlyn,14
Domina,7
Krissy,58
Scott & Adele,10
Philipp,7
Avalon,8
Reva,17
Soo,12
Jana,375
Mary-Ann,27
Ania,21
Felipe,71
Rosalynn,9
Alene,20
Jeanne-Ann,6
Meena,13
Shannah,11
Nathan,788
Shawnna,15
Samuel,402
Vasiliki,9
Kaj,7
Nanda,8
Laurie D.,6
Cherry,67
Chelsa,8
mya,32
Shaala,13
Tawni,10
Deirdre,184
Pauline,412
Ursula,132
Sandie,56
Arianna,78
Harold,261
Balynda,10
mishelle,6
Alexa,261
Lynelle,11
Inna,62
Indy,6
Shanan,16
Saray,10
Carol M,6
Jeanne,860
Klaudia,9
Twyla,37
Francoise,20
Carol-Anne,9
REAGAN,39
alexzandra ,15
Blue,9
Pennie,24
Danelle,50
Josette,54
Shelly,732
Ashley,4914
Jammie,9
Michell,22
Gypsy,13
Mel,106
Kandie,6
Shawna,459
Sheena ,192
Konnie,11
aleksander,11
Lamar,25
Chantell,13
natassia,9
Harmony ,27
Howie,14
Kana,7
Tommy,164
Kalie,18
Sharlene,97
CELINA,86
Chantelle,153
Kristine,755
HUI,14
kimm,6
Steffani,13
Tovah,9
Bogdan,17
Mark,4180
Kenji,11
Dorris,15
Petros,6
Jean Paul,9
Gideon,13
Conny,15
Beckie,25
greer,14
Lois M.,7
Kade,9
Keturah,7
Kerriann,9
Kaelyn,10
Starla,24
Eligio,6
Dijana,7
Dixie,76
julieann,13
TANNIS,49
Julie Anne,11
Cheryll,27
Adeline,29
Kisha,26
Shazia,6
Vaijayanti,7
Leea,7
Justo,10
Zaida,29
Sofya,6
Tina L,7
Darina,9
Bronwyn,40
Mai,37
Stormi,7
Sammy,42
Deanne,175
Andra,29
claudette,91
Lee-Ann,30
Nigel,66
Linnette,14
Manjeet,6
Sabra,32
Cayley,17
Jacinthe,6
Xue,9
Antonia,129
Tawnya,40
Jo,261
Santa,10
Atul,11
Carola,33
Josefa,10
Bertha,64
Tony,780
Shalini,13
Elora,9
Blake,292
Anamarie,8
Pat & Mark,7
Najah,9
Johann,24
ISABELLA,110
Sissil,6
Yiwen,17
Charlee,13
Mirtha,11
Yuliana,14
Antonette,31
Renate,49
Yury,10
Megha,9
Elly,40
Nikolas,12
cintia,9
Rahim,6
Britny,7
Chas,6
Antionette,14
Stella,193
Mary Claire,6
Missi,7
Kary,19
Kathlyn,14
kimberlie,21
Kristene,6
Prem,6
Latasha,53
Nessa,7
Richa,12
Abdiel,8
Nancie ,20
Demetra,22
Kristy-Ann,6
Kaaren,8
Nori,8
Stacy,1352
Draco,6
Susanne,340
Joelle,108
Georgia,281
Toshiko,6
rayne,6
J.D.,12
Javon,6
Jing,61
Elijah,39
Marti,81
Tiara ,38
Dr. David,8
Milad,7
Kajsa,9
Gemma,89
ADELLE,19
Phoebe,62
Heidi,1390
Maggie,686
Rozanna,7
Shela,10
Abby,339
Sheldon,137
Levi,66
Garry,109
Emeline,9
Eduard,11
Ginger,310
Midge,15
felicity,38
Jefferson,19
Elmer,35
Giana,10
Cristin ,51
Swati,8
Halle,12
Britt,70
Neena,6
Elisha,75
Anjelica ,14
Della,66
jama,7
JORIE,11
Tess,113
Joycelyn,15
Tomeka,12
Bibiana,12
Bridgette,102
Leslie,2237
Edi,7
Skye,53
Season,13
Thao,24
Lexa,9
Stasea,7
Kia,46
bridgett,32
Faustino,6
Kyna ,10
Brandyn,14
Kayleen,12
Rupal,7
Mariko,21
cristy,61
Roberta (Barbara),8
Royal York Animal,44
Duncan ,83
Ernest ,147
Cerissa,6
Nadine,410
Solange,24
Qing,7
Kamryn,6
Chane,8
Kris,553
Mary,6847
Lynnea,14
Eryn,52
JEREMIE,14
Wallace,30
Azra,7
Abdul,10
Asya,10
Roxann,32
Maia,49
Allyn,24
Jessamyn,10
STEPHAINE,13
Sabrina,731
Rawan,7
Artie,15
Karoline,17
Yang,61
Luiza,7
I,7
Breana,23
Malini,12
Regan,74
Deloris J,6
Kerin,19
Silvie,8
Sangita,7
emmanuel,74
Tineke,11
Lindsy,19
Kelton,6
Pegi,7
DAMARIS,40
NAT,22
Giovanna,61
Kerstin,38
Mala,11
Fonda,16
Eddie,215
Kesha,18
Mohammad,31
Cyrus,28
Eduardo,190
Krysta,42
Yoly,6
Ann-Marie,52
Joseph,3036
Brittaney,18
Sianna,6
Rosemary,620
JOLENE,198
Torey,11
Toni (Angelique),6
Milena,44
zenia,10
Carmine,39
Hamilton,8
Artur,12
Fang,12
Mayda,9
Geri,124
Gita,20
Tamora ,8
Lida,23
Threasa,6
Brett,597
Eiko,6
Linsey,30
Elizabet,7
Hollie,119
Phillis,10
Willa,26
Jahaira,7
Saundra,54
Cleo ,15
Dmitri,15
Lester,48
Misha,27
Devina,6
Dillan,6
Karyn,194
Brynn,47
Katherine,2429
Donnell,7
Breanne,98
Robert (Bob),8
Lollie,6
Ava,93
Hao,36
Vandana,8
Robson,6
Raychel,9
Rhona,25
Shraddha,7
Annalise,15
Konstantin,22
Amie,207
Anastacia,12
Xiang,17
CHINH,7
Dorie,15
Salim,11
Clint,100
Adelina,25
Karen E,7
Arabia,6
Ginelle,7
Christan,9
Galina,68
Chloe,235
Jenee,9
Mardi,17
Navin,6
Monette,8
Dimitrios,6
Reba,21
Glenna,67
Amelia,286
Miriam,424
Denny,50
Vanessa,1608
Colt,10
Vittoria,7
Yassir George,6
Shena,9
Ruthlean,6
Dakoda,6
Roshan,9
Yenory,7
Elizabeth,6472
Estevan,7
Jordanna,15
Evelyne,21
gladis,13
Rosina,18
annabel,25
Rashmi,7
Jacey,18
Mahesh,14
Estee,9
Jaynee,6
Angelina,207
tatianna,8
Lynnsey,7
Latesha,12
Dillon,51
Jerome,137
Denyse,42
Grazyna,13
Harris,31
Pak,8
Sam,676
Gurinder,7
Clarinda,6
Karalyn,13
Hampton,6
Mohamed,29
Jaimee,46
Jung,16
Christena,14
MaryJean,8
Thomas F,6
Obrene,7
Ila,19
Mikel,33
Taya,12
Cherise,43
Normand,9
Sharla,46
Annis,8
Angie Jones,11
Yiyi,6
Gregory,732
Odette,36
Mary Jean,11
Liane ,69
Jaimie,108
Michael D,7
Philippe,39
Rajat,8
joli,10
Rose Marie,37
Suraj,9
Cullen,14
Leigha,31
delma,10
Mojgan,8
Alys,10
Aislinn,7
D,36
Maryam,58
Pierina,12
izabella,19
Hudson,7
Cali,33
Donielle,9
Sherrell,8
Ramey,11
Renne,11
Marlies,11
Xi,18
Linn,21
Steph,49
Kathe,13
Willi,6
SOMER,11
AnnMarie,155
Glenda,314
Kevin,3196
Tobie,16
Aylin,11
Abhishek,9
Renuka,7
Brandy,503
Hossein,7
Xinyi,25
Pamela J,9
Janai,9
Danna,49
Mary Helen,8
Li,47
Chelsae,6
Benji,13
LUANNE,84
Marie-Dorothee,6
Leah,1125
Pam,1610
Katlynn,10
shirin,30
Abram,8
Chanell,7
Hania,7
Kayli,14
Napoleon,8
Dusti,10
ROSARIO,67
Margery,24
Shaylee,6
Rigoberto,13
NAVEEN,17
Donna,4747
Iman,19
kevan,10
Jess,133
Rosa ,444
Dorinda,22
Marisela,37
Goerge,6
mary ellen,198
Teddi,10
Carter,58
Yevgeniy,13
Reza,36
Noreen,164
Shaunte,8
Tamarisk,6
Kendall,177
Kayle,7
Misa,7
Shylo,7
Ashleigh,210
Shabana,7
Jeremiah,134
Bess,16
Crissy,25
Maher,6
Nayla,6
Rohini,11
Madalena,6
Nida,6
Gerilyn,7
Melba,34
Ingrid,361
Doug,824
Quinn,69
Tayla,6
Cherisse,9
Jaquie,7
Inez,35
Yair,10
Nathaly,12
Fern,53
Kenley,8
phyllis,664
Jesse,769
Valencia,14
Keli,53
Ammie,7
Odessa,13
Natosha,8
Anabela,14
Tova,18
LEISHA,12
Jemma,12
Thad,28
Sherrin,6
Camilla,57
August,21
Edgar ,154
Anh,30
Vinita,13
Ashely,28
Reiner,6
Candida,23
Wende,14
Saige,8
Ronny,20
Courtnie,6
Lizzette,10
Hanni,6
Dustin ,427
Sherida,7
Maximilian,7
Loralee,27
Dannica,8
Sarabeth,6
Dominque,8
shanshan,8
Maricarmen,23
Delaney,38
Flora,52
Maribeth,45
Corrine,100
Morganne,7
xiaoyi,9
Talyah R,12
Darnell,6
Dr. Laura,12
Debera,7
Vanda,22
Demetria,16
Maynard,9
Eleanore,13
Miroslava  ,7
Caterina,37
Lin,81
Johanny,6
Finn,11
Maja,28
Barton,12
Vonna,6
Macey,14
Sunni,9
Shirleen,6
Latanya,18
Betty Anne,6
Mali,7
Salvador,53
Sanjiv,6
Leonora,20
sheilah,13
Blair,227
asdf,12
Caressa,7
Emy,9
Roderick,34
Kasi,16
Dieter,9
Shirlee,11
Gaile,8
Rocco,54
Vickey,16
Eleanor,373
Rainey,11
Cyndee,15
Pina,24
Cheryl,3314
Antonina,7
Cori,151
Kerilyn,6
Kacey,45
Paulo,65
Denae,7
Rodica,9
Deedra,6
Andressa,6
Fabian,58
Jodee,26
Deidra,41
Haylee,27
Marites,7
Rhydonia,6
Wynona,8
austin,355
Tyna,7
Virgil,15
Ralph,367
Glee,6
Ilyse,13
Lyndsie,13
Alexandria,260
Rich,319
Derek,709
zhe,8
Robert & Theresa,6
Leesa,40
Sissy,6
Lawanda,11
Cia,6
Kellyanne,7
Kamaljit,6
Toula,6
Clyde,39
BJ,49
Tanesha,14
Emmanuelle,14
Ros,8
Trevor,463
Yasmine,33
Tuyen,6
Dahiana,6
Mich,6
Lianne,72
Bobi,7
Ramsey,10
Mandana,7
Ileana,64
Lindsey,1071
Lesly,22
Bruna,26
Catina,14
MITZI,86
Christianna,15
Hailey,173
Chante,10
Loree,31
Alexandra,1417
Rachel,3313
Sparkle,8
Tak,7
yaquelin,7
Ozlem,6
Shira,31
Caron,31
Jeanie,110
Sade,16
Aloma,6
Audra,164
ericka,103
keira,28
Jo Ann,116
Alvin,91
Patricia Morgne,7
Caylie,8
Latrice,12
Gagan,9
J.R.,8
Osvaldo,22
Antoinette,228
Chaya,6
Ivonne,78
Sylwia,13
Katee,12
manya,7
Krysten,27
Brodie,13
Milo,10
Jean-Francois,9
Ramon,144
Francina,7
Margaret Mary,7
Walt,33
zhao,7
T.J.,19
Marie-Eve,18
gabino,6
Sheela,7
Piotr,15
Lisamarie,15
Nadya,11
ROMMEL,15
Penelope,107
kaila,58
Randal,36
Carlos,784
Olivier,25
Eun,12
Eben,6
Emile,12
Jacquie,146
Fanny,47
Suzi,74
Billie-Jo,7
Yvonne,798
Nalini,10
Kama,12
Sundeep,9
Buddy,22
Davis,28
Angelia,42
Laraine,27
Eugene,248
Amira,25
Shaleen,7
Amit,52
Elenor,11
Meighan,12
Nelida,13
Malinda ,45
Shan,28
mallary,6
Evie,33
Cathie,89
Wiley,11
Kayleigh,76
Eleazar,7
Janise,8
Renee,1573
Pavlina,7
Jenner,8
Mick,22
Izzy,9
Kandice,23
Dilcia,6
Christin,92
Caitlin,890
Adan,12
Bonny,60
Mary Leigh,9
Jillian,657
Jedd,7
Alysa,23
Merilee,9
Lise,128
Monet,18
Jo Anne,37
Cecille,9
Patsy,116
Veronika,56
Ornella,13
Gaye,26
Robinson,6
Susane,6
HELENA,289
Helaine,18
Jadine,6
Jacqui,124
Ronald,827
Amandeep,16
Chere,14
Connor,138
Xiaohui,6
Denese,6
Burloak,6
Machelle,14
Karima,10
Chiaki,7
Owen,92
CHELSEA,1160
Slava,7
Jacy,27
Jannick,6
Luna,29
Raymond J.,6
Chika,6
Cord,6
Dorothy,868
Kobi,6
Ara,10
Darwin,25
Fraser,29
Christine,5131
Saman,11
Joon,7
Rana,40
Alycia,66
Wendy,3038
Kelsie,74
Consuelo,40
Joahnna,6
Edmond,23
Feng,16
Kersten,7
Danae,25
Aleigha,7
Raffaele,11
Marisha,12
Joaquin,36
Katharine,189
shea,80
Paloma,20
Jeanelle,11
Erwin,30
Zoey,23
Mustafa,7
Kaylene,18
Sheera,7
Kaleen,9
Trudi,40
Toniann,12
Maria Teresa,18
kristi,637
Rosey,7
Jewell,17
Houston,11
Valentin,14
Ashlee,221
Jina,30
CarolLynn,7
Lonny,16
Oana,9
Hilton,7
giles,13
Alek,7
Saverio,6
Calum,9
Detra,6
CORRIN,14
Izabelle,6
deni,9
Luiz,15
Keshia,16
Tan,12
Rolanda,14
Lesley,554
Rosita,28
Catrin,7
Bettyann,7
Marg,44
Macy ,23
Michaele,13
Martie,13
Alyson,200
Marrianne,7
Zachary,491
Pawsibilities,8
Ida,99
Crystel,6
Laurie & Tim,7
destiney,6
Johannes,16
Lyndee,8
Mildred,144
Billie Jean,6
Collene,7
Leigh-Anne,10
Adela,42
Bettie,26
Alli,20
Ngoc,7
Nick ,1081
Marie,1684
Yulin,19
Norman,266
Falon,22
Alert ,18
Igor,79
Santina,15
kady,16
Rashi,7
harman,18
Zack,94
Joelyn,7
Ayana,13
Emil,34
Melodie,78
Kermit,10
Kelvin,79
Ollie,8
Ady,7
Layna,8
Kathryn,1899
Marva,16
Patrisha,6
Jasna,9
Tarsha,7
Aine,6
Amiel,6
Nelia,18
Sheri,677
LAURIN,17
Raju,6
Hayley,273
Lino,12
Noa,13
Lalita,12
Tye,18
Jasdeep,12
Madelyne,7
Tanis ,55
Anais,27
Zhanna,17
Conan,7
Rie,12
Shareen,8
Deepa ,17
Madelene,11
Thomas J.,6
Leighanne,11
Adonis,8
Sabine,78
Van,49
Ayanna,27
Euna,7
Zana,9
Kirt,6
Phillipa,8
JT,18
Arleigh,7
Robert J,9
Sowmya,6
Kacee,12
Tiffaney,11
Stacey,1695
Jesenia,6
Vernessa,13
Brooklyn,40
Sen,8
Dominica,11
Naima,6
Johnathon,29
Birgitta,9
helen,1376
Janett,10
Kadie,7
Taneisha,6
Taunya ,12
Bob,861
Cora,95
Abhijit,8
Virginie,17
Mary Frances,20
Maryjo,14
Holly,1677
LaShawn,10
Shantel,34
Nellie,50
Shanique,6
Jaclin,9
Tamitha,9
Jason,3532
Charla,33
Tu,8
Barbi,11
Seattle,7
Dawson,12
Siena,6
Pawel,25
Mark A.,7
Haley,418
amanda,5881
Teal,7
Deandra,12
Morgen,11
Ramya,8
Chelle,9
Rosangela,13
Zac,40
Brewer's Buddies Puppy Rescue,7
Latricia,7
Amaris,14
Bernard,170
Son,12
maggi,12
Raelene,17
Lilliana,10
T,38
Alyse,30
Kirsten,598
Jil,6
Vivienne,16
Diego,125
Rosanne,108
Lisset,8
Selin,7
suresh,15
Carin,74
Astrid,67
Bella,60
Traci,423
Sue Ellen,10
Kiandra,6
Shar,19
Joey,200
Vitor,11
Anik,10
Essie,8
Terrilyn,7
Cliff,134
Gordon,293
Alice,873
Liat,6
Linnie,6
Mariangelica,6
Nir,8
Enzo,15
Urszula,13
Ronda,127
Marijean,8
Malerie,7
Vida,33
Emerson,11
Shelli,53
Bradley,384
Xiaoyu,11
Deron,7
Deniene,6
Jo-Anne,69
KUN,10
Teddie,6
Kamal,10
Ranee,12
Sharene,7
Dee Dee,11
Jayce,13
Zulema,6
Renay,9
Candis,33
Fredric,9
Weldon,7
Ceci,11
Lou,118
Mandeep,25
Elliot,92
Arianne,31
Brigham,8
Trupanion Test_F,6
Tingting,11
Ange,11
Lou Ann,18
Chet,24
Sahil,12
Kayde,6
Stefano,19
Ewelina,12
Pascal,20
Mohit,10
Alberto,122
Joanie,70
Amarjit,15
Angel,476
Siyu,6
Graciela,45
Krystyn,8
Ritu,13
Dorota,41
Cammy,22
Shaela,9
Angelyn,10
Aubrie,18
Dr. James,8
Janina,32
Charlena,8
Spence,7
Jingyi,10
Shyanne,13
Bette,95
AGATA,27
Samer,8
Marni,83
Maria C.,13
John P.,8
Ayse,12
Sharleen,22
Tatiana,228
Kristina,1198
Quincy,18
Edward S,6
Dany,17
Kerri-Anne,7
Foster,7
Lilian,89
Matias,10
Alfonso,51
Vitaly,11
Heather,5606
Sinead,22
Eddy,50
Arie,7
LORA,195
Sharon,4043
JOSEPHINE,320
Cindee,8
Attila,8
Tyesha,8
Joette,15
Ismael,43
Adriano,10
Yuriy,15
Landon,58
Anna Marie,38
Vicky,428
Sherah,6
Andres,155
Alese,6
Mickey,74
Winnie,92
Yamile,15
Elisabetta,8
Jaymee,11
Dacia,14
sandee,36
David R.,6
Reilly,8
Abbigail,9
Lorinda,21
Olympia,6
Alextest,9
Cary,109
Gaylene,24
Robbin,56
Bernita,6
Cornelia,41
Jin,52
Kerri,514
emilio,57
Angelo,145
REINA,53
griselda,27
Anick,10
Brad,921
Geneva,42
Carolle,7
Ping,23
ashlynn,14
Nuvy,6
Arlena,6
Armando,129
Maura,168
Rose,923
Aditi,10
Don,962
Carolin,26
Iona,24
Hitomi,9
McKenzie,74
JESUS,171
Celeste,282
Susi,27
Marcey,12
Gino,67
Leena,23
Cordula,6
Lisa & Jason,6
Bobbie,188
Armida,7
Karlo,6
Shailendra,6
Carolynn,41
Stacia,58
Thomas,2701
Deborah,3482
Loredana,12
Jenise,13
Hattie,16
Alisa,242
Kirstyn,15
Denton,7
Parth,6
Marlene,659
Jaqui,9
Deonna,6
gonzalo,17
Remy,21
Lelia,16
Anahi,7
Lorenza,8
Coral,65
Jacky,47
Charissa,53
Afton,15
Bryce,122
Shanelle,13
Allin And Kevin,7
Ning,10
Koren,17
Channon,10
Vincenza,12
Rainer,13
Lesa,63
Susannah,77
Malory,7
Zoya,19
Ernestina,11
Donovan,45
Christiane,54
Clifford,114
Yesenia,103
Kiley,51
Alanna ,158
Nicki,89
Estella,16
Arleta,7
Praveen,11
Lane,70
Yun,27
Annika,49
MERRIL,23
Brittanie,17
Curtis & Lisa,7
Wanda,553
Christoph,13
Elan,12
Daryll,6
Arun,34
Gabrielle,462
Rae,77
Kerrie,131
Margaux,20
Phong,10
Dominik,8
Sherly,10
Diamond,28
Beena,7
Harvinder,7
Agnieszka  ,58
Cortni,8
Vikram,26
Marise,6
Britni,25
Michala,7
Janell ,68
Kalvin,6
Anneli,12
Pasquale,15
Shayne,26
John P,9
Jeannette,249
cherish,12
Kit,53
Brigid,33
HALINA,19
Dian,25
Tracie,198
Darra,6
Faraz,7
Julissa,36
Starr,35
Janeth,13
Devona,13
Kalina,15
PAOLO,24
Jennie,266
Tena,29
Khoa,8
Kyoko,13
Laurette,29
Grissel,8
Nava,8
Jada,31
Chen,32
Mackenzie,213
Giselle,99
Rossana,19
Meleah,6
Haskell,6
Tish ,35
Kierstin,8
Raudel,7
Louie,41
Briann,6
Kristan,46
Charlotte,677
Ariel,272
Sterling,42
Rosaly,6
Ronit,27
Catie,33
Cornelis,6
Norah,34
Sandra L. ,8
HILDA,131
Carmelita,12
Avneet,8
Chanelle,31
Jarrod,62
Tammy,2243
Lakesha,17
Tricia,583
Tristan,127
Lindsay,1644
Inga,51
Marianna,98
Annabella,8
Nubia,21
Justice,10
JIHAN,8
Vivian,529
Sina,17
Dotty,8
Mariah,204
fei,19
Marietta,49
TRINETTE,6
Racheal,35
Genia,9
Despina,21
Celia,140
Alyssia,16
Rizza,6
Analia,7
Charisma,14
Martina,143
Darius,20
Cecelia,103
Sammantha,6
Pamella,15
Raelyn,7
Roxy,26
NATALIA,318
Ellen,1562
Oliver,120
Neale,11
Lark,7
Floyd,43
Jannie,11
Lori Ann,11
Polina,20
Sherman,22
Mariann ,48
Renaldo,9
Le,8
Mireille,38
Trenton,18
Eric,2674
Nissa,18
Domenique,6
Sergey,31
Noelle,195
Tonie,10
Deja,19
Kasandra ,24
Delana,7
Raelynn,7
Lyndi,11
Nhan,8
Shahram,6
Nabil,7
Demian,6
Tad,24
Krymylda,6
Linnea,46
Baxter,7
Pattie,68
Fay,93
Shanita,8
Arjun,11
Beatriz,135
Arelis,10
Samanatha,6
Bridget,532
My,11
Becki,27
Dyan,27
Cassie,309
Carmela,91
Elise,352
Nia,15
Anmol,6
Chrys,8
Hanh,19
Ulises,6
FRANCE,47
Zsuzsanna,7
Porsche,10
Jimmie,30
Mette,6
tamer,6
Dori ,71
Milagros,57
Brielle,23
Cecillia,6
Collen,11
Rosslyn,6
Lola,43
kamyar,7
EvaMarie,10
Judson,19
Kaia,9
Marlee,27
J. Robert,7
Dr. Angie,7
Tong,17
Natacha,28
Kiara,56
Synthia,14
Hargita,6
Hanna,130
DonnaLee,10
BRIEN,7
mini,11
Bev,235
Renzo,12
Lucinda,129
Cecile,81
Dianna,317
Darcel,6
Maria Luisa,6
Deniz,11
Risa,54
Sherron,13
Sharna,13
Serene,19
Blayne,11
Etta,11
Jaclynn,17
Roselle,13
Jack,709
Corky,10
Davin,10
Jonnie,20
Lenin,6
Vittorio,7
Sydney,325
Lizzie ,22
Jessie,394
Valorie,28
Jenaya,10
Jane,2232
Syd,10
Kaelin,11
Johna,13
Bobby Jo,6
Didier,6
Arturo,84
Lyudmyla,10
Saida,10
Sameet,8
Lina,172
Stephany,59
Lissa,59
Violetta,17
Dorthy,25
Liliane,29
Mo,31
Fara,12
Jessenia,18
Claude,57
Karim,21
Sunnie,8
Jeniffer,28
Jere,8
Carolee,33
Aleece,7
Virgina,32
Candie,21
Kimberly & Michael,7
Jayme,114
Daphne,180
Guido,17
Brody,19
Denis,127
Casper,7
FABIO,38
Trixie,11
Nikia,9
Jaycee,9
Dea,10
Yoojin,8
Krystin,27
Jaylene,14
Elsy,7
Randi,312
Elina,29
Jodie,321
Arnaldo,10
Harriet,178
Quynh,12
Cyril,13
Vern,20
Bennie,16
Carlotta,17
Shaun,301
Norma,541
Sandra,4092
Priya,42
Maika,6
Leanna,113
Jeffery,205
Melissa,6280
JILL,2514
Lyudmila,14
Armi,6
Marko,16
Matt,1676
Rodney,270
Bailee,9
Carmencita,10
Negin,7
cleve,6
Katya,38
Caitie,6
Marit,11
Faye,222
jensetest,15
Hazel,154
Anja,36
Sheryl,542
Sylvia,703
Truc,8
Ayelet,13
Ulysses,11
Giancarlo,30
Matthew,3081
Irwin,21
Sue-Ellen,6
Adrienne,575
Georges,11
Jennifer,14835
Chiara,37
Allegra,24
Eliot,24
Nhi,6
Ellice,6
Carlene,90
Freya,10
Baylee,8
Maureen L,7
Fletcher,12
Sadie,75
Jasmyne,7
Mary Jo,171
Elena,522
Suzzanne,6
Yadira,67
Dianne,762
CLOVER,7
Ahmet,6
Jenine,23
P,11
Ludmila,11
Genna,23
Candi,66
Gerhard,6
Amelie,19
ROSEANN,122
Niki,127
Sandy,1513
Mamie,16
Kathlene,24
miesha,10
Stacee,19
Aynsley,10
Myung ,6
Ford,9
Jayne,258
Sherrel,6
Kristen,2321
Kareen,14
Diahann,7
Tayler,39
Chrissie,13
Ivelisse,22
Madalina,6
Robert,6737
Alessia,16
Cristian,58
Biana,6
Suzanne M,6
Axel,14
Isai,6
Lenard,10
Tae,9
Johnson,24
Alisha,255
Jerad,10
Dru,29
Colene,12
Pearl,107
Jessee,6
Daryn,15
Lula,8
Nena ,8
Andre,261
Kitty,104
Calli,11
Gwenn,18
Conrad,61
NATHALIA,14
Ananda,7
Srinivas,14
Yogi,6
Lyne,38
Diane (Elizabeth),7
Mirta,10
Nycole,11
Ren,14
Marje,6
Joao,19
Oleg,42
CAMILA,51
Bianka,7
Buck,7
Sanna,7
Kaleb,15
Michon,7
Lisa-Marie,7
Ismail,7
Brienne,6
Sharod ,6
Justina,55
Tiffany,1907
cherrie,26
chan,13
Savanah,10
Burton,17
John E.,6
Mari Beth,7
Lindley,9
Monika,259
Mariya,41
S,37
Carey,146
Carroll,38
krzysztof,8
Christopher,2808
Kenlynn,6
Shu,7
Nermin,7
Maria C,6
Cherie,296
Cheresse,6
Perri,28
An,21
Hernando,7
Mary J,7
Marielyn,9
Marzena,19
Conchita,8
Leyla,27
Cici,10
Penni,28
John Bryan,8
Chenoa ,12
Jorge Luis,6
Kenya,43
Matilde,14
Lucky,7
Peggi,10
Tucker,24
Margie,259
Casandra,73
Lucas ,194
Retta,7
Samir,25
Terrah,6
Velda,12
Byron,118
Sylvana,7
Debbe,9
Carisa,21
Linda A,6
JALYN,7
Kaileigh,7
Sigrid,31
Roxanne,462
Carly,406
Surina,6
CRISTIANA,12
Tamia,8
Sanda,8
SUEANN ,9
Reena,31
Christos,9
JoAnne,2264
Carlisa,7
Oren,24
Britany,19
Shaneka,9
Carolynne,12
Sonal,13
Mariea,10
Davina,50
Guillaume,16
Shino,6
Merissa,30
Anjana,7
Naz,10
Lisa & Mike,6
Hubert,30
Miroslav,7
Frederick,171
eunice,91
Moya,14
Frannie,11
Marina,487
Tana,42
Myranda,12
Carrol,21
PJ,48
Effie,24
Hellen,12
Tea,12
Denys,6
Jeanette,588
River,13
Barbie,38
Erlinda,13
Laila,49
Sherre,8
Jackeline,18
Mora,7
Vivi,8
Jacques,41
Abigail,370
Lexy,15
Jorja,14
Joseph (Glenn) ,6
Darya,23
Aren,8
Halee,10
Yessica,13
Bernadine,36
Sonya,281
Jim,1626
Janos,7
Kaylan,18
Jospeh,6
Williams,9
Tin,6
Curran,9
Srikanth,6
Britney,101
Sunshine,23
Joachim,6
Omar,167
Rebeccah,9
Latoria,6
Valeri,8
Garret,28
Mathias,9
Donnie,52
Jamie,2418
Pippa,13
Marlon,45
Thresa,6
Lincoln,18
cinthya,23
Lili,43
Shirl,10
Anastasia,210
Raleigh,8
Rosaleen,12
Zackery,6
Stephen,2266
Hali,22
Alka,8
Paddy,16
Flavio,10
SIERRA,245
Kaela,32
Remington,6
Danah,11
Shanel,11
sudha,11
Project,16
Laird,8
Kelsea,22
Leonid,16
Triana,6
Charity,111
Melissa And Chris,7
Guy,181
Harjot,6
Remi,24
Mikayla,57
India,49
Karola,7
Yasser,7
Pushpa,9
Rex,47
Lenka,16
Letha,6
dina,370
Indra,19
Melani,14
Claribel,7
Jasmine,531
Alejandra ,189
WU,6
Tommaso ,6
Florina,6
Saskia,30
patience,8
Laci,25
Hina,9
Lyndsy,7
Halie,23
Jenice,10
Brig,6
Lexi,65
Pieter,11
Destiny,105
Arden,27
Cheryle,30
Lynn,2127
Nathalie,204
Michella,6
Neville,10
Shaylene,10
Meta,6
Rimma,10
Lia,71
allen,372
Maggy,11
Marrisa,7
ozzie,8
Estelle,48
Christina M,6
Hilary,353
Korie,10
Campbell,9
Elishia,6
Khadija,7
wael,6
Reyna,61
janaina,9
John R,7
Amy Jo,6
Britnee,7
Chyna,6
Peta,10
Poonam,8
Thi,6
Ghada,7
ebony,65
Frank,1521
Zita,22
Ivana,70
Anessa,6
Susan,9188
Brandon,1170
Shawnee,10
barbera,9
Jocelyne,35
Marco,220
Martharuth,6
VANNESSA,10
philip,670
Carrie,1483
Goli,7
Ryanne,11
raquel,270
Leona,101
Raman,14
Julisa,8
Raine,16
Cris,63
Thora,6
Chrysta,7
Donato,9
Anish,12
Conor,35
Roland,128
Klara,9
Jayashree,6
Cade,8
Elinor,41
Cerise,8
Kimball,9
Reuben,33
Henning,7
Kinsey,16
Brian,3751
Rey,24
Libby,146
Sanja,25
Gila,6
Miao,10
venita,16
Callie,110
Fausto,10
Tommie,29
Payam,7
Micheal,182
Charlayne,6
Bryan,1012
Chantalle,19
Kiyomi,13
Armen,6
Maria Jose,7
Marilou,35
Kiel,9
Patric,9
Shaneen,6
Carlena,6
Katrine,24
KAcie,42
Dane,67
Ramona,168
Kenny,146
Neil,521
Beate,14
ryann,33
testjense,6
kirstin,105
Keyla,9
Leeandra,6
Casey,713
Yuri,30
Susan C,11
Ezequiel,10
Ciro,7
Karry,11
Erica,1544
kasia ,28
Arley,11
Glory,14
Bjorn,12
Jody,722
Dion,31
Astra,7
Seema,21
Tian,10
Raymond,596
Amberlee,9
Dale,656
Lottie,23
ROSE MARY,10
Vasilios,13
Shanika,13
Mikee,6
Mayela,6
Ming,29
Angelito ,6
Eli,91
Malik,8
GENIFER,7
Annette,858
M,59
Beth A,6
Laurena,10
Therese,190
Nav,11
Mindy,442
Meryl,54
Evelyn,726
Caitlyn,173
Shala,7
Maxine,179
Nate,123
K.,6
Troy,414
Wei,60
Theodore,130
Madeleine,149
Phyliss,7
Deepak,13
Sloane,18
Rosette,8
Kaisa,8
Filip,12
Maninder,9
Marolyn,10
Jesyka,17
Girish,7
Danyell,7
Meri,29
Joal,6
Piero,10
Jessyca,7
Jacquline,11
Sharon A,6
kaysha,6
Malorie,15
Brent,519
Manuela,51
Acacia,16
jessa,25
Mehmet,7
Hala,11
Ghislaine,11
Juan,683
Caridad,14
Illona ,8
Nichola,16
Robb,21
Top Dog Referral files,24
Laury,8
Leon,100
Dennise,32
Shaniece,7
Alessandro,29
Rondi,7
Milan,40
Rema,12
Bronwen,18
Reece,16
Cristine,41
Gabriele,44
ricardo,303
Yi,56
Frederique,11
Maribel,127
Berry,10
Evangeline,29
Rodolfo,49
Dewayne,25
Adil,6
Elyssa,42
Derrick,174
june,555
Zhang,6
Sneha,11
Franci,7
Lavonda,7
Judit,10
Jennifer M,6
Tenille,11
Chong,17
Valinda,7
Lavone,6
Tuan,10
Jeana,27
Frida,11
Nastassia,8
Kolleen,16
Dory,17
Imran,10
Jalisa,7
Gurpreet,20
Carlye,8
Scotty,23
Jansen,6
Kellen,24
Karyna,7
Beverly,1021
Katrina,684
Jorge,407
Rin,31
Cassaundra,9
Mallorie,17
Tresa,25
Velvet,11
Midori,13
Aracelis,16
Elda,17
Madelaine,20
Steven J ,6
Salman,9
Katrin,29
JeriLynn,6
Sal,96
Raeann,15
Issac,13
Doyle,13
donte,9
Wendall,6
abe,26
Ching,10
Mayte,14
Marcos,87
Daniel,3394
Mary Elizabeth,24
Lacee,9
Alexei,7
harish,9
Christi,184
Bayley,6
Tadd,11
kassandra,98
Linda J,9
Coby,15
Vivianne,16
Salil,8
Butch,10
Desirae,49
wen,23
Asuncion,8
LENA,227
Viridiana,11
Amela,6
Myla,12
John C.,7
Jerald,25
Kimberli,17
Jaquelyn,11
Gioia,6
AMAR,19
Ragan,12
Ayla,30
Edda,8
Tasneem,6
Vonnie,13
Carmelle,8
Julianne,219
Deeann,15
Domenico,14
ELLI,11
Glynis,29
Belen,14
LORIS,6
Rose-Anne,6
Maurine,12
Amparo,23
Chastity,33
Greta,79
Irene,742
Britnie,6
Dilys,7
Zara,8
Margherite D,12
Sophie,232
Adriene,12
Corner Brook,6
Sandro,14
Helle,8
Errol,14
Emili,6
Kirby,61
Gaea,7
Caitlynn,15
Hank,44
Vidya,10
Mare,6
Rosalie,161
Eliza,86
Talia,77
Nikolaus,6
Russ,118
Akemi,9
Josue,43
Anna Lee,7
Ande,7
Louisa,106
Shana,217
Judie,47
Eveline,15
Sherrie,220
adolph,8
Jakki,7
Jeanni,6
Norris,10
Kaori,17
Shondra,11
Fergus,6
KAMILA,24
Chikari,8
Madelin,14
Lona,17
Nilsa,14
Margret,36
Agustina,8
Thomas A,6
Gianni,9
Alexus,8
Carine,16
Brady,98
Tod,34
Graziella,9
Paulina,112
patrick,1670
Jessica,7488
Elia,24
Samanta,6
Michela,19
Melony,24
Marcia,717
Caryn,152
Kassidy,25
David J.,8
Candee,10
josey,15
Arlynn,8
Sher,16
Bobette,10
Gwynne,16
Celine,97
Magdalena ,118
Davide,11
Shoshana,23
Brianne,186
Jonne,6
Vicente,21
Aman,20
Joslin,11
Sven,13
Catrina,44
Bill,1280
Iliana,35
Ahmad,23
Kalyn,18
Buffie,10
Karee,8
Marilen,7
BEE,10
Wolfgang,9
Sasa,8
Alona,9
Virgen,8
Nader,21
Silverio,7
Mary Margaret,12
Tarrah,6
Jarod,15
Kye,7
Glynda,7
Karra,10
Nara,7
Esther,341
Brice,21
Santiago,69
Nerissa,27
Belinda,290
Zandra,13
Sacha,44
Javier,180
Roni,58
Jenny,1334
Allyson,279
Myles,57
Marlaina,8
Kyrsten,6
ROSI,6
Indira,29
Khanh,10
Lian,7
Jaye,32
Eve,171
jense,10
Vaughan,9
Kyler,10
Jeane,31
EVERETT,29
Shelia,46
Dirk,24
Rayna,37
Jo Beth,7
Saul,57
TYRA,37
Renata,126
Eden,86
Leandra,28
Fe,8
Amiee,17
Aracely,22
Esperanza,25
Celene,14
Fernanda,62
Brynna,6
Iain,38
Maria L,10
Stan,191
Mandi,90
Zora,8
Asista,10
Errin,10
Morgan,818
Krysti,16
Nolan,58
Alida,25
Evgeniya,7
Marcelle,34
Sivan,7
Clarisse ,8
Torri,25
Griffin,19
Oliva,6
Sumontinee,7
Sydnee,14
Shanon,58
Barbara,5379
Tal,34
Anya,70
Carita,7
Xiomara,53
Amberly,22
Marcin,16
Magali,12
Lisa Anne,8
odalys,13
Darice,16
Chana,9
Ina,67
Tonda,12
Jes,8
SHANDI,9
Charolette,10
Suzanne,2260
Matteo,20
Simran,12
Rozanne,6
Jimena,20
Deborah A.,11
Jori,14
Nelly ,85
Dorrie,9
Ariela,7
vonda,21
Lindi,7
Gretel,6
Marybeth,116
Rico,12
George,1525
Georgianna,25
Susanna And George,8
z,8
Anna M,7
Hany,6
Julie,5284
Thomasina,7
Shanti,21
Anne,2444
Amber,1832
Shamira,7
Alessio,9
Jenae,12
Lucie,73
KellyAnn,21
Sana,11
Filomena,29
Hermine,10
Dolores,288
Latina,10
Corinna,71
Deby,11
Larissa,183
Betsey,19
Elysa,14
Hyun,21
Amrita,13
Angeline,66
Tiare,6
Ankur,13
Yamilet,15
Natanya,7
Yoshi,8
Ashli,23
Jeralyn,9
Cathleen,166
Mary Ann,407
Scott,3245
Ruta,6
Yasaman ,11
Mila,50
Anny,16
Quan,8
Corie,35
Leilani,70
Sharen,20
Nataly,22
Merrilyn,9
Cale,12
Demetrius,21
Siegfried,6
Marin,14
Mariusz,12
Nichole,405
AnaMaria,17
caroll,9
Linh,37
Joeseph,8
Raven,64
Gabriel,324
Pavan,11
Branka,10
Brandie,107
Yoshimi,7
Earl,123
Doreen,429
Selma,33
Keren,34
Karlin,7
Dariusz,10
Gentle Giants,10
Mack,18
Makayla,45
Corrinne,20
Stefania,35
Yuanyuan,7
Trang,27
Blakely,10
Lisha,29
Liana,93
Roberto,207
Marshal,10
Selene,23
Ernie,86
Margeret,8
Barrett ,45
Chi,29
Laura Lee,12
Rika,13
Meridith,37
Luanna,7
Lyubov,10
Mariella,24
Lillie,36
William (Bill),10
Moshe,9
Laure,20
phillip,409
Rea,10
Ethel,59
SHILOH,17
Penney,6
Mehdi,14
n,11
Lorie,167
Honora,6
sijia,10
Agnes,138
ethan,175
David A.,8
Charmane,7
Brit,15
Lilla,9
Fredy,6
Cielo,8
Muhammad,15
Sayaka,7
Jelani,6
Harpreet,23
Ervina,9
Wendi,127
Talita,8
Tina Marie,9
Jimmy,227
LeeAnn,131
Kerryann,6
Robina,8
marwa,10
TASIA,23
Marline,8
Brenna,124
Nance,8
Ali,307
Tiffiny,6
Jenelle,63
Cathrine,30
Richelle,79
Trudy,195
Miko,8
Johnnie,36
Vadim,27
Rudolf,10
Sanaz,12
Leland,31
Jeneen,7
Lizabeth,22
Madeline,337
Danielle,3438
canceled - Joyce,7
Khamphanh (Kym),6
Juliana,197
Stefanie,427
Xaviera,7
Bennett,28
Laureen,78
Joana,35
Mary E,9
Melva,9
Marlow,6
Jered,11
Alton,16
MaryRose,9
Ivette,80
Tristin,19
Ashlea,20
Aleta,34
Jiayang,6
Kelle,15
Adine,17
Alise,11
Tanner,77
Margi,15
Sue,1684
Tramaine,7
Elisabeth,310
Andrea,3896
Garnet ,14
Antonio,298
Samar,7
TESTfirst,6
jonthan,7
Alon,8
Leela,18
Chelsee,6
Che,14
Jayde,10
Lilia,59
monti,6
China,19
Wallis,12
Brina,7
Maren,28
Maddie,37
Jan,1088
West,8
Shella,10
Dante,32
Marissa,660
Trina,256
Lazara,8
Stacy and Cathy,6
Christiana,45
Janusz,8
Maida,10
Mike,3113
Ezra,22
Tressa,24
Vu,13
Veena,8
Tanya,1391
Aletha,11
Riva,7
Shanae,6
Anson ,7
Bria,18
Rafal,6
Jamee,15
Dannon,6
Ulrike,17
Quiana,11
Sheryle,10
Meg,283
Edward,1233
Domenic,46
Graeme,55
Mechelle,28
Demi,29
Tereasa,16
Brooks,44
Alixe,8
Angelita,15
Marjie,14
KEILA,16
Corry,13
Toru,6
Emanuela,8
Alena,45
Virgilio,8
Kaitlin,359
Elif,9
Wagner,8
Mercedes,215
Gilles,19
Dorine,9
Pierre,98
Lavina,7
Arlene,565
Jonathon,123
Zachariah,13
Mathew,198
Mj,37
Jayson,81
Lisa Marie,27
Vaughn,24
Ion,7
Ron,1015
Mary C,17
Susan L,13
Adalberto,6
Una,13
Deon,17
Yashica,6
Wing,15
Lon,21
Clarisa,8
Augusta,14
Walter,406
Triston,9
chenyu,6
Milly,22
Balwinder,9
DeLisa,9
Felicita,14
Ceri,12
Ilana,69
Mellissa,40
Karin,434
Tammi,120
Mignon,10
Korinne,8
Evalyn ,6
Neelam,12
Lezlie,10
Nika,15
Alita,8
Marci,167
Norbert,17
De,6
Catrice,6
Hendrik,9
catsbury,7
Miles,82
Alannah,23
Robbie,88
Mars Hill,41
Guylaine,18
Marijke,16
Wynn,7
Ilene,132
Billie Jo,19
Amethyst,6
Ryon,7
Kole,6
Young,34
Ardith,8
Eleonora,14
Christene,19
Assia,8
Laszlo,7
Okanagan Small Dog Rescue Society,8
J.,7
Genny,23
Amos,13
Shivonne,8
Allyse,7
Ye,13
Fannie,13
Mehrnaz,6
Raya,11
Derik,15
Talitha,10
Aubrey ,147
Jaret,13
Shruti,6
Lorena,213
Aysha,19
Ashton,89
Sherlyn,12
Saylan,9
Nenita,6
Renato,28
Jackson,57
Jene,7
Margot,116
Ean,9
Jayden,8
Szilvia,10
Georgiana,18
Mica,14
Irena,43
Fredericka,7
Grainne,13
Liz,1061
Barney,10
Shauntay,10
Poppy,8
Alysha,96
Edythe,12
Johnathan,106
Wylder,7
Laetitia,15
Merrily,18
Saeed,7
Chieh,7
Maryann,463
This is a ,6
Shelby,482
Diamandia,6
Wojciech,12
Pepper,12
Karley,21
Jenni,109
Sherill,16
Lainie,19
Tere,7
Viviana,66
Benedict,11
Reggie,33
Kathrina,12
ferdinard,44
Tahnee,18
Arin ,25
Basia,9
Deep,10
Jolie,46
Thu,11
Augie,8
David L,9
Pascale,29
Juliane,15
Storm,10
Andreanna,8
Tracee,36
Bethanie,13
Ewa,49
Kirsty,63
Hilarie,7
Rian,16
Orit,6
Aleksandra,54
Riki,13
Tomomi,8
Raphael,44
Candy R,6
Gerrie,12
Shuang,6
Jude,67
Krystle,125
Dalia,61
Peyton,28
Carolyne,27
Aisling,8
Darion,6
Jennyfer,10
Bren,8
Seanna,16
Ricky,167
CORAZON,9
Savino,6
Buffy,19
JOSE LUIS,10
Korrin,8
Shelagh,44
Janie,166
Erinn,55
Devorah,10
Rakhee,7
Kathyrn,6
Clarke,16
Ke,16
Faina,7
Patty,860
Marli,11
Katelynne,6
Uri,12
Juan Carlos,42
Meredith,696
Gerda,19
Manda,12
Arlen,14
Iana,11
Loay,6
Bryony,7
Roma,27
Delia,116
Chelsi,23
Allie,157
Sally,936
Korine,8
Anna-Maria,10
Tarisa,6
Britton,12
Shai,11
Lilya,10
Jonny,10
TORI,173
Rhodora,7
Loyd,7
Zhen,20
Romona,11
Isaiah,39
wenjin,7
Anglea,9
Vivek,22
Michaella ,7
Lakeisha,20
Irrum,9
Gord,64
Aleks,7
Clair,32
Lukasz,16
Dominick,85
ricci,8
Margit,9
Madonna,44
Bunny,15
K,32
Jami,171
Jeanean,11
Kami,57
Joseph P,6
Siddharth,7
Leroy,65
Joy,814
Sera,14
Glennis,7
Bela,16
Maxwell,40
Cristen,32
Paule,8
Carol Ann,42
Kristoffer,13
Jael,8
Sharon M,6
Liesa,6
Marie-France,9
Nahid,6
Felice,41
Russel,28
Turkar,7
Reanne,12
Allissa,7
Siera,6
Henriette,17
Daysi,8
Sofie,11
Kim,5346
McKenna,17
Mattia,6
Lenna,10
Lori-Ann,10
Tandi,6
Guillermina,6
Kai,59
Aric,7
Weijia,6
Dodie,15
Annica,7
Ravi,49
Yasmeen,22
Reny,6
Marlen,13
David,8382
Syed,12
Treasure,6
Lacey,244
Randall,210
Ocean,9
Apryl,23
Jovita,11
Grecia,7
PBB firstname,6
Kirk,196
Preeti,8
Vy,9
Keleigh,10
Larinda,7
JoEtta,8
B,15
James M,16
Liang,11
Puneet ,6
Jamar,6
Brie,47
Jean-Pierre,11
Charmain,8
Denielle,9
Orly,6
Krishna,15
Shanta,17
Alethia,10
Simon,244
Shantelle,24
Karey,30
Santana,12
Mohan,10
Orville,10
Mellany,10
Shaunna,22
Yoshiko,9
Candyce,17
MORTON,16
Mirjana,17
Hana,42
YiChen,10
Edwina,28
Marna,11
Minna,7
Robert M,10
Gilda,37
Carmel,42
Emi,25
Fritz,9
Pradeep,6
Roseanna,24
Xenia,22
Shara,30
Rosalina,10
Carlo,70
Sharif,6
Timur,8
Yukari,9
breann,29
Vlad,26
concetta ,46
Deborah L,10
Cecil,54
Marella,6
Aram,8
Nancy L,6
Nicolle,50
Taina,18
Fan,15
Keena,7
Noor,13
pamala,21
Avi,20
Ivone,7
Hannah,1015
beth ann,14
Cricket,7
Josselyn,7
Derreck,6
Andy,480
Kwame,6
Corene,9
Bal,9
Lyra,6
Cherilyn,23
Kelly,4848
Stephanie,6426
Kat,127
Mckinley,12
Launa,19
Dena,209
CECILY,38
brenton,15
Arleen,46
Shalene,8
Lew,7
Kelsi,39
Dr. Alyssa,12
Mariangela,7
Aleida,7
Valeria,108
Ilissa,10
Nicole,5832
Charles,1861
Malcolm,76
Nicolette,92
Nikhil,9
Jewel,42
Rani,18
Mendy,21
Dr William,6
Moria,13
Sandeep,44
Xochitl,12
Anu,13
Junior,22
Alyce,60
Kimmie,8
Linden,10
Warren,249
Mahmoud,8
Brieanne,11
Nitza,7
Mamta,15
Aliya,17
Aleshia,15
Zelma,7
KATHY,4038
Lariza,6
Kiesha ,9
Preston,79
Denay,6
Nada,18
Alea,8
Leah & Dean,6
Lissett,6
Noriko,20
